ground,v_m_s,fz_mean,fz_sd,fz_min,fz_max,contacts_min,contacts_max
plane,0.5,9.81,0.0,9.81,9.81,1,1
plane,1,9.81,0.0,9.81,9.81,1,1
plane,2,9.81,0.0,9.81,9.81,1,1
plane,3,9.81,0.0,9.81,9.81,1,1
plane,4,9.81,0.0,9.81,9.81,1,1
plane,5,9.81,0.0,9.81,9.81,1,1
plane,6,9.81,0.0,9.81,9.81,1,1
hfield,0.5,9.812,0.349,9.15,11.72,1,2
hfield,1,9.81,0.867,8.64,13.67,1,2
hfield,2,9.813,1.371,8.23,16.4,1,2
hfield,3,9.814,2.288,-0.0,20.26,0,2
hfield,4,9.81,3.49,-0.0,24.66,0,2
hfield,5,9.808,4.471,-0.0,30.5,0,2
hfield,6,9.816,4.584,-0.0,39.84,0,2
