run,rider_kg,grade_pct,v_target,v_start,amps,kt_scale,tail_mu,status,cause,reached_m,t_event_s,v_mean,overshoot_pct,peak_amps,sat_pct,peak_pitch_deg,wh_per_km,tail_pct,tail_first_s,t_warn_s,warn_lead_s
r000,77.48803263710403,12.797620467219367,5.2801105146306515,4.783449429056976,48.98584337764245,1.0396535648616476,0.44242231621576594,PASS,,121.2,,5.295,0.8,26.6,0.0,8.8,52.5,0.0,,,
r001,88.49256183574752,-4.814030627121181,3.2302303094749756,5.9144177304581955,30.518293718911565,1.127940375097764,0.3658191236353299,PASS,,89.3,,3.337,0.1,14.3,0.0,6.0,-2.8,0.0,,,
r002,72.53379883764839,11.314754342939729,3.534526308638654,2.6719876500925595,32.70134240304633,1.0835916001612236,0.5067708646759175,PASS,,115.3,,3.537,0.6,20.7,0.0,7.8,43.5,0.0,,,
r003,63.68917162589403,-1.1556622753786847,4.2951706747924625,3.140429001221464,46.57787741417357,0.8662677012325462,0.5612710116524768,PASS,,74.6,,4.295,0.9,17.0,0.0,4.9,8.2,0.0,,,
r004,79.45236537072199,9.850991266884947,3.0341141667845415,0.08771958418467073,52.668955293477936,0.8505081754195964,0.3649469059122501,PASS,,109.4,,3.041,1.4,24.5,0.0,6.8,47.0,0.0,,,
r005,71.41464829274796,-15.029072691213756,2.137700912277418,0.7137710550563398,51.90076585193222,1.1242005254755953,0.7214782482009369,PASS,,130.1,,2.138,0.4,21.2,0.0,10.3,-14.4,0.0,,,
r006,86.21259801845264,-7.701875702049563,2.9951241568094464,0.15064363004764653,47.51943410855766,0.928295627140387,0.5585000754012821,PASS,,100.8,,2.976,0.0,18.4,0.0,5.3,-7.6,0.0,,,
r007,56.946198047337646,5.291712361852884,3.47843979800055,1.8611690544583226,41.53659795171794,0.9144623907628937,0.6900843888885562,PASS,,91.2,,3.477,0.3,13.5,0.0,4.7,21.8,0.0,,,
r008,103.53432353744851,-18.45986047183333,2.188296140071642,2.9253797549427256,40.21084801461156,1.1040342292903855,0.46932236890514356,PASS,,143.8,,2.176,1.9,37.4,0.0,12.5,-17.5,0.0,,28.096,
r009,63.03352852371859,-2.583043897777788,5.660683219733302,0.7671979237684465,53.34884972243715,1.032492108388354,0.3525316679336392,PASS,,80.3,,5.381,0.0,11.9,0.0,4.7,9.1,0.0,,,
r010,94.63649148182537,-15.75073036377076,5.003620068300144,4.2781903921160644,30.907993034102088,0.9529033158846414,0.3816213437863873,TAIL STOP,,96.9,,1.721,9.5,30.9,71.6,18.6,62.9,51.2,72.8,2.026,
r011,79.88916785369558,-23.862917830281134,4.745755645627721,0.14628074476331931,30.8373283133944,0.8666232301344764,0.48316246910112653,PASS,,165.5,,4.779,40.6,30.8,40.5,18.5,-16.9,0.5,73.1,18.004,
r012,86.01589845546417,2.6878556997176872,3.5808358322760663,4.8569359736438305,34.443586744608254,1.1313787511387028,0.6141889707806933,PASS,,80.8,,3.597,0.0,10.9,0.0,5.0,18.8,0.0,,,
r013,60.581126771771515,-0.48566324831713104,4.042163190837121,4.709678832926785,31.288012802949805,0.9835699370085838,0.5374795497069769,PASS,,71.9,,4.053,0.0,6.4,0.0,3.9,9.1,0.0,,,
r014,93.43641223397502,-15.504526305491074,5.330375582422658,4.390009088444509,44.098545016078205,0.897228370116802,0.30837124064454935,PASS,,132.0,,5.289,1.6,32.2,0.0,10.6,-19.5,0.0,,13.402,
r015,68.06954811886962,5.811858210482011,3.505049787662638,2.4740563162321645,59.0420477030177,0.894305782447608,0.643892948441782,PASS,,93.3,,3.51,0.6,16.9,0.0,4.9,26.3,0.0,,,
r016,97.11598820642695,-19.940617619544827,3.985710702697916,0.599808879388151,55.37492001950096,1.088427996416611,0.4488908278995791,PASS,,149.8,,3.954,0.0,37.3,0.0,13.5,-26.8,0.0,,,
r017,61.86536612959443,-5.7869456865881155,2.154829390532573,1.9110108838548614,58.93992163661355,0.920773200618082,0.6404071854708573,PASS,,93.1,,2.155,0.8,7.8,0.0,4.1,-2.8,0.0,,,
r018,61.16044996156934,-9.9752324656632,3.797093592686272,4.50172304745068,53.74485169975699,0.9700728919527963,0.7693447699037568,PASS,,109.9,,3.804,0.4,12.5,0.0,7.0,-7.7,0.0,,,
r019,85.05618942030725,8.15460769020315,5.897240796164681,5.217286547782152,53.180913903987516,1.1449404877731924,0.4117576659826145,PASS,,102.6,,5.911,0.7,18.4,0.0,5.7,39.9,0.0,,,
r020,67.33292455192428,7.155751396090089,5.807412431948052,3.2885001821006883,56.46487682728037,1.1114649363735787,0.35192848549703115,PASS,,98.6,,5.752,0.2,14.9,0.0,5.1,31.6,0.0,,,
r021,57.50922659144176,13.222230763604607,4.234192601466143,5.345811367553026,47.82101082921453,1.084825415034379,0.4280520353566865,PASS,,122.9,,4.231,0.9,20.5,0.0,9.3,41.4,0.0,,,
r022,104.97673737679527,-22.220134230744794,4.677046092658257,0.8804318716417356,58.51260045729338,1.093383258745783,0.6251693362613544,TAIL STOP,,134.1,,1.171,6.1,58.5,79.4,18.5,381.9,59.3,85.4,22.112,
r023,78.70165180420551,9.587798258768395,5.763019150801223,2.2373297787632582,38.75514194650434,0.9665355320147172,0.5459843158073296,PASS,,108.4,,5.645,0.4,23.4,0.0,6.7,44.0,0.0,,,
r024,71.88293523840346,10.934137015804247,4.004011073349442,0.6795829933234555,56.01640733149242,1.030188731279034,0.7627930905181948,PASS,,113.7,,4.0,0.6,21.4,0.0,7.6,42.7,0.0,,,
r025,93.01377246657708,1.6152370171237997,3.6529592058619014,4.482321854261441,33.089612074215545,0.8867678303880786,0.7756919079895818,PASS,,76.5,,3.674,1.6,18.3,0.0,5.3,16.8,0.0,,,
r026,76.9563376979904,-12.599800552057927,3.7253110071984086,2.5123307728783857,54.586186187375866,0.9366573131254297,0.6225424241063471,PASS,,120.4,,3.712,0.2,21.3,0.0,8.7,-13.3,0.0,,,
r027,83.43227050178346,-9.859355235161795,4.6838535430761015,1.185984795771747,32.89522472053001,1.1228383708807947,0.6760056223048568,PASS,,109.4,,4.639,0.0,14.4,0.0,6.8,-10.4,0.0,,,
r028,61.04304052354263,-4.13950307372307,3.9073504045464515,2.9092427341856766,51.05183050311939,0.9674917779630423,0.4959016936972068,PASS,,86.6,,3.909,0.7,14.6,0.0,4.7,1.1,0.0,,,
r029,98.07194690821416,7.716116016255967,3.2003196649434447,2.3956048818914817,35.20080091912217,0.9738230519759695,0.5533155763958739,PASS,,100.9,,3.214,2.5,22.0,0.0,5.3,42.6,0.0,,,
r030,57.3907462795433,16.441134077639894,2.608766385529216,5.764502896298855,36.78134361264654,0.8799297017276277,0.5159638995458203,PASS,,135.8,,2.697,0.0,28.7,0.0,11.4,58.0,0.0,,20.414,
r031,80.99341940858642,-9.716938974927993,5.460945398844206,4.053092630742364,49.27648237899413,0.8682076682482531,0.5626006166888661,PASS,,108.9,,5.435,0.6,22.1,0.0,6.7,-8.6,0.0,,,
r032,101.83496625474578,2.372219733872438,3.9648942049679903,3.7456058877909797,40.09795816033612,1.0462453212874738,0.48858743937148663,PASS,,79.5,,3.977,1.3,9.3,0.0,1.7,20.5,0.0,,,
r033,83.98377801578943,-9.250129325770532,4.964350844017227,2.9582319201737324,53.49356251489952,1.0415991092661148,0.6091342865389356,PASS,,107.0,,4.944,0.3,17.2,0.0,6.4,-9.0,0.0,,,
r034,84.40875690160702,-5.489588307166791,3.8265889046775694,4.649286706993813,41.03708540848828,0.9804490502932274,0.5908105260820171,PASS,,92.0,,3.828,0.5,13.3,0.0,4.9,-3.2,0.0,,,
r035,73.20533088019928,6.467197863272908,2.022507799129655,4.543075043383879,36.70288660424962,1.072732821233827,0.4164166523615453,PASS,,95.9,,2.044,0.0,12.0,0.0,4.9,28.5,0.0,,,
r036,56.371760197835556,-14.231254528187417,4.189423928328489,5.9453789511998005,42.06445444166221,1.0921829031874841,0.4145053467795082,PASS,,126.9,,4.221,0.3,15.3,0.0,10.0,-12.1,0.0,,,
r037,74.45853411205105,-9.010354948109535,2.3737571328664933,1.4711096503912584,35.88504695798323,0.882318002494804,0.6813127564952721,PASS,,106.0,,2.366,1.6,18.5,0.0,6.2,-7.8,0.0,,,
r038,88.92394140478547,1.9452684234945181,5.946778578470084,5.66305754165131,35.252192628979344,1.060541787600587,0.37481715500173457,PASS,,77.8,,5.966,1.1,11.2,0.0,2.1,20.8,0.0,,,
r039,87.90141623711403,-0.1208404060263284,2.318543864375715,4.232505537881008,56.190239765086375,1.1065874695391624,0.5344268715828133,PASS,,70.5,,2.33,0.0,12.0,0.0,5.0,8.7,0.0,,,
r040,60.0547699233056,-20.20117372265728,3.7571953375777674,1.9393170945804894,44.73372220500984,0.9558528899556655,0.7663933916063725,PASS,,150.8,,3.758,0.5,27.7,0.0,13.9,-17.7,0.0,,,
r041,60.32991055647598,0.9491273645547906,2.8261203027086585,4.456906307005122,49.650723941382296,1.0575847796834439,0.5852092753921678,PASS,,73.8,,2.833,0.0,7.4,0.0,4.7,10.6,0.0,,,
r042,69.4385458113035,-7.899202192511741,2.840778008070443,0.9521870496120579,58.25625431150945,0.9827579825246685,0.4661717652520228,PASS,,101.6,,2.836,0.2,14.0,0.0,5.5,-6.4,0.0,,,
r043,85.52959877594974,-21.36913744182424,5.855363834015384,3.9883167378900604,33.191119766575156,1.001049327121985,0.31258615308961657,PASS,,155.5,,5.783,72.8,33.2,31.3,18.6,5.3,0.7,82.6,12.266,
r044,109.58573217898444,-23.33732648781713,5.564800246258102,4.027095644711526,38.652410408668146,1.099590727260385,0.4373891405938021,PASS,,163.4,,5.223,5.8,38.6,52.5,18.5,-29.9,0.4,81.5,12.79,
r045,95.9671895636979,-23.192297470354678,5.446643220811575,5.534478122780879,40.69466922599419,1.0617431779695132,0.7501153880785149,PASS,,162.8,,5.048,39.0,40.7,44.5,18.5,-28.9,0.2,91.4,13.404,
r046,92.20350293791603,14.234255546412669,2.4115867045269366,5.392546862061884,51.20514897986643,0.863246139858736,0.43302010568592275,PASS,,126.9,,2.499,0.0,37.1,0.0,9.7,84.4,0.0,,21.744,
r047,58.780759938746066,-16.513652061628953,5.659977593537743,5.286070745057753,55.158586906788436,1.0029163118284632,0.717957221345409,PASS,,136.1,,5.676,1.0,19.4,0.0,11.5,-14.0,0.0,,,
r048,82.34676694476939,-24.597583984533518,4.10599355133224,4.802760348704785,35.05112316042241,1.1188521764839714,0.5321531376367821,PASS,,168.4,,3.839,22.6,35.0,45.7,18.5,-25.5,0.2,92.9,17.626,
r049,72.9325522867199,-19.810322223081805,3.08937046005848,2.704140689598206,52.52410968846009,0.852416235549502,0.32476917829405627,PASS,,149.2,,3.075,1.4,37.0,0.0,13.5,-14.9,0.0,,29.218,
r050,76.69887570697499,-6.6337905473278695,4.932549017657262,1.0779506395733436,46.288021731828806,0.9750660339289412,0.7343151251971386,PASS,,96.5,,4.849,0.0,15.8,0.0,4.9,-3.4,0.0,,,
r051,62.15462750328706,4.1400060923584725,5.613667447583138,5.513682756090457,37.33992512747217,0.9230528252077754,0.4196335898748351,PASS,,86.6,,5.63,0.9,11.8,0.0,2.9,23.1,0.0,,,
r052,94.13346495481485,7.558787908931315,5.304243323668996,0.33601232552246524,31.486402789448693,1.0195820095489452,0.42315109046584903,PASS,,100.2,,5.123,0.0,21.2,0.0,5.4,41.0,0.0,,,
r053,98.72473211763908,-13.906423879380263,4.211906434950045,3.0904766918950797,36.42740739065076,0.8783791051810986,0.6847384487999952,PASS,,125.6,,4.171,1.2,31.8,0.0,9.5,-17.4,0.0,,2.196,
r054,82.84709036895225,-19.087748734484734,3.63088212885813,0.46913457035018924,31.542302035271526,1.0177819125224021,0.6102528533422323,TAIL STOP,,94.9,,0.683,10.3,31.5,79.9,18.5,792.1,72.5,79.8,19.96,
r055,70.0834872435113,-8.356055415327678,2.293171597256152,3.7896572064027234,59.993938371259,0.9897080621845069,0.6507734844675892,PASS,,103.4,,2.295,0.6,12.4,0.0,5.8,-7.0,0.0,,,
r056,106.04156286588032,-12.16733521088756,2.202299939500665,3.2168386384119767,43.07994742470024,1.0489615852554683,0.3871480515944403,PASS,,118.7,,2.191,2.0,26.2,0.0,8.3,-14.5,0.0,,,
r057,67.04665981956995,4.740804330127318,3.9425258903187377,4.355986669118814,30.360282019962934,0.9719959035859702,0.334227217803576,PASS,,89.0,,3.953,0.0,11.2,0.0,3.3,22.8,0.0,,,
r058,89.27333738274696,3.0804837179388365,4.45951054980832,1.2141667609074123,42.91712012375632,0.9973150431593996,0.49983362596449354,PASS,,82.3,,4.433,0.0,18.1,0.0,5.1,22.4,0.0,,,
r059,70.7747416356909,-14.738359955323217,3.5564260312909077,5.170267543619712,45.084841700068296,1.143771230819234,0.7596217229257586,PASS,,129.0,,3.566,0.4,19.3,0.0,10.2,-16.0,0.0,,,
r060,89.58421691576046,2.7630890266956847,3.61655114630191,4.018206518756684,43.758397835920114,1.0776294988609665,0.450527744872934,PASS,,81.1,,3.629,0.0,8.1,0.0,2.5,19.8,0.0,,,
r061,93.50728325094859,-1.9248127981764398,2.0786820881620183,2.536976624321848,38.05314511151333,0.8538657658474399,0.7560461559842515,PASS,,77.7,,2.077,2.4,11.8,0.0,3.2,3.4,0.0,,,
r062,88.12287356172698,-5.231888520546303,4.579212955200358,1.2570037843409363,48.75107813684042,0.9484306506331317,0.32997227504722365,PASS,,90.9,,4.525,0.0,19.2,0.0,5.2,-2.1,0.0,,,
r063,56.47726000671428,14.767694576825967,2.4478697506419986,4.437739159957936,59.39737030433882,0.9653045802094591,0.5942574706584904,PASS,,129.1,,2.449,0.6,23.4,0.0,10.3,49.0,0.0,,,
r064,65.58119535155026,-23.496636415925835,2.3950813435247373,2.7570039747016453,30.646501470438064,0.9585120820176325,0.5744847639061199,TAIL STOP,,116.5,,1.183,94.2,30.6,63.2,18.5,105.9,4.7,82.5,27.312,
r065,103.98509568878643,-22.19585694571402,2.55283240185111,0.284950364715862,46.91120778874299,0.9812395009854513,0.7102070877954277,TAIL STOP,,84.8,,0.496,16.4,46.9,78.3,18.5,nan,72.8,74.5,28.446,
r066,93.83618938813524,1.4076993853160502,3.8711970053892273,2.117498686940757,58.78899039529907,1.1368440675959275,0.5148843784946898,PASS,,75.6,,3.867,0.1,16.6,0.0,4.9,15.9,0.0,,,
r067,77.15456418727743,11.536084298503752,5.87358696766643,2.176027767051711,52.31702503757451,1.1251796536497856,0.31887611304598745,PASS,,116.2,,5.733,0.4,23.0,0.0,8.0,47.9,0.0,,,
r068,92.50663650680538,-4.596081945388121,4.066388669022491,1.0806079044221197,48.67848606645616,1.018256383553738,0.500383998826579,PASS,,88.4,,4.039,0.0,18.2,0.0,5.1,-1.6,0.0,,,
r069,84.91770545653735,5.468712380248327,5.977243574358708,0.4183923017307017,41.78079880074581,1.0800184121720582,0.5414341807993533,PASS,,91.9,,5.618,0.0,24.3,0.0,7.2,32.1,0.0,,,
r070,96.14141256205131,-11.524741841279104,4.128140446564151,5.254532710593084,39.32156598279224,1.0354648029032816,0.5772884687517196,PASS,,116.1,,4.12,1.2,21.4,0.0,7.9,-15.3,0.0,,,
r071,64.58684833831643,11.704715422545007,3.322963573754209,2.6266036773175743,35.75731094345994,1.0679150301687794,0.6963612064996111,PASS,,116.8,,3.322,0.5,19.7,0.0,8.1,41.0,0.0,,,
r072,64.00139923026454,-18.85639954909839,5.360219617020277,5.6304794357036645,39.87337529636255,0.9784792932715523,0.5099828031956153,PASS,,145.4,,5.368,0.5,25.4,0.0,13.0,-18.1,0.0,,,
r073,90.9155014481336,17.954510317166317,4.272783786641318,3.7735891833948623,32.352177524763164,0.962195689355033,0.4723188293684546,FALL,saturation (nose strike),60.8,15.33,4.285,1.6,32.4,5.7,18.5,nan,0.0,,11.776,3.55
r074,78.1790942906039,16.81791486481714,5.624632633779299,0.49626669538832535,59.49952850071513,1.1329443737163216,0.796242929561269,PASS,,137.3,,5.472,0.5,31.1,0.0,11.6,65.1,0.0,,,
r075,87.3902591286797,-18.071423437523386,3.019121311198164,5.029173326370904,48.25221456441476,0.9947039298095497,0.5799177074240907,PASS,,142.3,,3.017,1.3,34.1,0.0,12.3,-19.0,0.0,,25.608,
r076,56.719098583997045,-20.679714959629695,3.763900089148242,1.4648132807849779,46.70243126775387,1.054586102643269,0.6669183285961807,PASS,,152.7,,3.774,1.0,24.5,0.0,14.3,-18.5,0.0,,,
r077,75.09568305574896,-15.129725019489989,2.4663235881610333,0.3793058507057885,39.14703045605775,0.8996085554337898,0.6006368920540837,PASS,,130.5,,2.455,0.0,27.6,0.0,10.4,-12.4,0.0,,30.634,
r078,65.43978775907189,6.122298981001663,3.6996826336746684,2.6600052544661548,42.80044474152816,0.9156493531686571,0.30524622552650293,PASS,,94.5,,3.704,0.5,16.0,0.0,4.8,26.5,0.0,,,
r079,96.39850308140153,-22.596892983811525,5.230397092405809,3.445621561681514,58.07806955536625,1.0569331833715108,0.6325680811721646,TAIL STOP,,157.9,,2.537,4.2,58.1,68.9,18.5,47.6,25.7,91.1,18.616,
r080,102.5128209318262,-12.998171470375466,4.61844049197912,1.382202350007466,43.45030772116566,0.9568618430581531,0.491303626070013,PASS,,122.0,,4.55,0.0,27.8,0.0,8.8,-18.0,0.0,,,
r081,91.99553627209835,3.444574551878702,4.395628753476574,1.2755556315242746,49.825378801796205,1.095544478101109,0.4743874023793348,PASS,,83.8,,4.376,0.1,16.5,0.0,5.0,23.6,0.0,,,
r082,75.51818442585224,-11.103334180996653,2.3423793138693894,1.290796560712837,51.89629096928654,1.0789041496761433,0.7353269046681243,PASS,,114.4,,2.339,0.2,16.7,0.0,7.7,-11.3,0.0,,,
r083,74.53432036889204,-2.348427135584032,3.2643196687396085,5.974541585140294,39.53632825951466,0.9382191126956984,0.48050479809267177,PASS,,79.4,,3.4,0.0,11.5,0.0,5.2,2.8,0.0,,,
r084,68.2513682618223,-12.053954936438911,2.567743551148144,3.630855192426509,47.868021260751185,0.8555245019633223,0.33993456428377217,PASS,,118.2,,2.565,1.0,20.7,0.0,8.3,-9.9,0.0,,,
r085,61.51053958374457,15.672755884213302,4.637619125014455,4.7359872448955365,33.303542776833474,0.9492941125998142,0.342017512455613,PASS,,132.7,,4.644,0.4,28.6,0.0,10.9,53.2,0.0,,12.604,
r086,89.80690526443695,-15.954745683189952,3.4466797656469046,4.149892146540083,44.49018093146603,0.9987023766613243,0.39080816393818424,PASS,,133.8,,3.434,1.4,30.2,0.0,10.9,-19.1,0.0,,,
r087,77.86860263434635,14.361004289624852,3.3892616407710863,4.215633936220389,36.45632242721112,0.9465052177812039,0.6473566657195557,PASS,,127.4,,3.406,0.2,30.6,0.0,9.9,61.8,0.0,,15.83,
r088,62.6868080488997,-6.280145604692496,3.1896153096403865,3.713617738139673,42.607866439170465,0.9447791925242023,0.7136934481652017,PASS,,95.1,,3.194,0.4,7.7,0.0,4.4,-3.2,0.0,,,
r089,66.04244724895054,-21.325667465172966,5.906495104942051,1.1606669047424936,45.6618664245284,1.1179035643645339,0.4931348347603022,PASS,,155.3,,5.749,0.6,25.9,0.0,14.7,-22.2,0.0,,,
r090,73.56533339367815,4.634316297135012,2.8957297056896643,1.8577894368148682,53.61724335322803,0.8891317982878405,0.45836252082469686,PASS,,88.5,,2.9,0.8,17.7,0.0,5.0,23.6,0.0,,,
r091,85.2896007906303,-19.298671210013985,3.1210965345513237,2.3246941106616896,54.4243443917334,1.0745129238722488,0.3931804275446983,PASS,,147.2,,3.11,1.2,32.9,0.0,13.1,-21.7,0.0,,,
r092,59.872277224679216,12.867645563181881,5.104518203224941,5.451073134451032,31.66940927419133,0.8961780098773382,0.4442377579808586,PASS,,121.5,,5.117,0.2,25.7,0.0,9.0,45.3,0.0,,10.402,
r093,100.72598607887616,-3.1721261504901967,2.3365017041418517,0.20603264006673014,51.73024986010243,0.9685620204809894,0.30343465515187856,PASS,,82.7,,2.325,0.0,21.0,0.0,5.4,-0.3,0.0,,,
r094,62.73688684315849,-13.27333459266587,4.852326834068084,0.5132159106911565,48.060750318381245,1.1393308203247992,0.5714445291174715,PASS,,123.1,,4.809,0.8,14.6,0.0,9.3,-11.9,0.0,,,
r095,81.68764647468439,0.26176728751299905,5.690236496595676,3.0140956547662414,52.477947041370655,0.8707304601932692,0.4265509151723239,PASS,,71.0,,5.597,0.0,21.3,0.0,5.2,17.9,0.0,,,
r096,109.22307977292185,6.219394568392641,5.527390159275258,3.1826398277521353,44.27270188931085,1.0645640101920706,0.7787612759197096,PASS,,94.9,,5.51,0.4,22.1,0.0,5.2,39.9,0.0,,,
r097,104.55274464709898,14.008395545753274,5.122602791535857,2.4467089308640277,50.55721045001653,1.0128214179896422,0.5561317246364259,PASS,,126.0,,5.128,1.5,36.7,0.0,9.5,74.2,0.0,,13.974,
r098,91.72266732188226,-24.167765862482582,4.489135686184067,5.679400600393009,33.965373898130174,1.1155415481367874,0.7533806913554413,PASS,,166.7,,3.973,29.7,34.0,56.5,18.5,-24.8,0.5,83.3,14.876,
r099,59.52403569369713,-8.57749687227621,5.799741889516247,4.615214948194559,50.13234794889952,0.873215273985775,0.5955840401003636,PASS,,104.3,,5.805,0.7,17.2,0.0,6.1,-3.3,0.0,,,
r100,64.88825595099472,3.703356827226113,3.4919017694952457,5.834051426085085,45.22173791100757,0.9026216059849378,0.40773588499229896,PASS,,84.8,,3.574,0.0,9.6,0.0,5.0,19.3,0.0,,,
r101,97.06239161763833,-21.789997884198872,4.4115315870148315,0.7248868590206322,43.62302947188611,0.9918638128274702,0.5517480623521877,TAIL STOP,,127.3,,1.035,6.8,43.6,80.3,18.5,287.3,61.8,83.3,19.212,
r102,105.26905018037883,-17.85494769944195,2.719802371699127,3.3862013740544112,34.782814317053564,1.1201156375567658,0.7850397840812867,TAIL STOP,,84.7,,0.988,100.5,34.8,63.4,18.5,1893.9,55.5,77.0,20.938,
r103,84.6096865993447,6.76098415266334,5.357708067605108,4.752775964900656,47.26302222393513,0.9956337718955102,0.6693335491111456,PASS,,97.0,,5.377,1.1,17.9,0.0,4.7,35.4,0.0,,,
r104,75.8573813501813,15.309025886918334,2.7599839863655693,1.1105913372656233,46.98856347959811,1.0104561482668168,0.5668850745872166,PASS,,131.2,,2.764,0.8,29.2,0.0,10.5,64.1,0.0,,,
r105,102.83315675283197,9.139284101359422,2.9790726667912324,1.6880606657576105,49.395729130299394,0.9427129647621593,0.36201511090843563,PASS,,106.6,,2.995,2.0,25.2,0.0,6.2,53.1,0.0,,,
r106,106.15621987544392,15.067329805687542,4.153349937034772,5.111492982654299,52.976155135307934,1.044508968485954,0.799104107756353,PASS,,130.3,,4.195,0.9,37.6,0.0,10.2,81.0,0.0,,16.47,
r107,58.88247893746649,-14.563392897802101,2.6261062438732092,3.840787329622045,31.120054264205994,0.9636810301261055,0.46238088843542346,PASS,,128.3,,2.631,0.4,19.7,0.0,10.1,-11.8,0.0,,,
r108,91.124072568288,8.834181477885075,5.552562863560543,2.074203346055746,56.558037916905235,0.9268207102909513,0.3709561039084128,PASS,,105.3,,5.463,0.5,25.2,0.0,6.2,46.6,0.0,,,
r109,70.15073638458671,-5.033777913302615,2.5269641967162757,2.7988952660636213,55.529591828942394,1.0976552948308393,0.726147075978085,PASS,,90.1,,2.529,0.4,6.0,0.0,3.5,-2.3,0.0,,,
r110,97.78986923008965,10.241685846276603,4.096215390615838,3.4601274988547526,30.159769258948064,1.081483122707533,0.6032225014192254,PASS,,111.0,,4.114,1.5,24.2,0.0,7.0,51.5,0.0,,11.17,
r111,79.54660016114573,-5.94415842397137,3.302746009221515,4.90312738393265,59.168539871429715,0.8571414773452571,0.3750256229365181,PASS,,93.8,,3.306,0.6,14.7,0.0,5.4,-4.0,0.0,,,
r112,81.4726934255114,9.395919350839506,5.929250926669571,5.318928534432207,33.590998186025864,0.9081331414199444,0.6985945767727701,PASS,,107.6,,5.957,1.3,25.1,0.0,6.5,45.5,0.0,,8.15,
r113,98.80429019687816,-3.5576080283898115,4.256815520442938,2.289620047238082,57.02296997243494,1.113576398793271,0.6212474733877575,PASS,,84.2,,4.238,0.5,18.1,0.0,5.0,0.8,0.0,,,
r114,108.9268718058357,13.87854114537317,5.489090241729103,2.41386236324474,36.28307127215218,0.925625481716525,0.6886597495010581,FALL,saturation (nose strike),55.7,12.98,5.333,0.6,36.3,6.8,18.5,nan,0.0,,2.122,10.86
r115,67.57875972464049,-22.872635060279684,5.512020356988398,3.0705579823893085,57.94736466669557,1.1357630354761306,0.6850908505627955,PASS,,161.5,,5.499,0.6,28.4,0.0,15.6,-24.8,0.0,,,
r116,79.10393491813991,9.673459738779712,5.741965658759694,2.002493578432999,43.91206959313608,1.0296100024023565,0.6928999826632847,PASS,,108.7,,5.606,0.4,22.2,0.0,6.8,43.6,0.0,,,
r117,63.416789724926346,-10.59786424498182,4.645702099669129,5.873432124447474,32.07639401505825,1.1103812854718185,0.6581828773522683,PASS,,112.4,,4.663,0.3,11.6,0.0,7.4,-8.4,0.0,,,
r118,102.03436253512638,4.968939015018709,4.539089704573755,4.290529978915412,32.49075632816567,1.114331963606024,0.7035234841628462,PASS,,89.9,,4.557,1.0,13.8,0.0,3.4,31.1,0.0,,,
r119,99.39310263977569,-7.048099303079592,3.81313879090665,3.664862766357385,57.55788835286149,1.1417051845241724,0.4205132658105112,PASS,,98.2,,3.805,0.9,11.6,0.0,4.9,-7.8,0.0,,,
r120,109.91343098722245,16.963769602307543,5.587298783374499,1.0230545743167863,47.19481816435931,0.9129022645448325,0.7009104057451945,FALL,saturation (nose strike),59.5,15.54,5.23,0.6,47.2,3.3,18.5,nan,0.0,,13.684,1.85
r121,94.91799532872349,-17.083382061224288,4.810337623519317,0.7905860610197573,45.43958766557738,0.9894416061035161,0.3307182663402183,PASS,,138.3,,4.729,0.0,33.5,0.0,11.6,-22.7,0.0,,19.108,
r122,94.43105590728084,-0.6325670102613934,4.33549737156267,5.1406878166010355,32.6668106093662,0.950616187130672,0.6602709869084635,PASS,,72.5,,4.353,1.0,16.0,0.0,5.1,10.1,0.0,,,
r123,107.53045439000422,-20.76679094422076,3.895749406998937,4.58247879286338,34.56303932147851,1.1051795214638611,0.3596907241066947,TAIL STOP,,131.5,,1.963,100.2,34.6,69.3,18.5,14.3,14.1,73.4,15.332,
r124,55.297510949196244,-2.16305354710331,4.996559358779582,4.1918856037702295,38.14364242778251,1.058587022100666,0.47651959475487937,PASS,,78.7,,5.008,0.9,12.9,0.0,4.3,7.1,0.0,,,
r125,71.55952473449975,-3.4244569419806474,2.665792853575951,0.44647244197684177,49.97352519909895,0.9932579837455429,0.7624584596805033,PASS,,83.7,,2.661,0.0,13.9,0.0,4.9,0.6,0.0,,,
r126,90.03902879431385,5.612612564550826,5.244766118775962,3.5904899406092694,47.626820069655466,0.8648472313507766,0.3115083884981647,PASS,,92.5,,5.26,0.6,24.3,0.0,5.3,33.9,0.0,,,
r127,90.32739100997902,-21.07912584130382,3.112770169649985,0.9778660242090269,48.3343705303386,0.8987723928800135,0.6390379361200832,TAIL STOP,,92.6,,0.813,11.4,48.3,73.1,18.5,nan,63.3,78.5,24.24,
r128,86.59324342119498,12.417538640044882,3.0705440129475114,5.579829996044703,36.03522858138295,1.0664990045791451,0.7484097321719222,PASS,,119.7,,3.134,0.0,25.6,0.0,8.5,56.4,0.0,,16.818,
r129,99.91208107159785,4.405594916960904,5.7112977350299605,4.969259001452061,51.58230726211974,1.0643216631916705,0.7895125267530702,PASS,,87.6,,5.729,1.3,20.9,0.0,4.7,30.6,0.0,,,
r130,98.18090256597623,-7.380673747442813,2.264292298364081,2.1416841527462,31.90496190050556,1.0273621802826947,0.6736564452823641,PASS,,99.5,,2.255,1.2,14.5,0.0,5.1,-8.3,0.0,,,
r131,72.82721142036206,2.138643289374599,2.926372482563308,3.6091430143516483,38.93091969391685,0.8583242873101506,0.5220583643958897,PASS,,78.6,,2.936,0.5,11.9,0.0,4.3,15.6,0.0,,,
r132,108.64200790722774,-12.925029956531299,2.235041063611326,5.221072540076733,49.17646990083573,1.1498282087672373,0.3011679697008086,PASS,,121.7,,2.281,1.6,26.0,0.0,8.8,-17.1,0.0,,,
r133,80.32557279798212,-16.75526510229855,4.72716646514411,1.618324151463058,34.27880707656222,0.9608073640839322,0.5818479135540351,PASS,,137.0,,4.684,0.0,28.7,0.0,11.5,-19.2,0.0,,16.048,
r134,95.68987497210344,17.157794690350393,2.9551497110123286,2.062579188101563,50.30916440263558,0.9236982653739242,0.3841562255175392,FALL,nose strike,69.5,24.8,2.981,2.7,50.3,1.9,18.5,nan,0.0,,21.222,3.58
r135,59.332175489985296,-0.9953074317109056,5.720932893256524,1.5713122342211556,58.452826066636874,1.0469576127289124,0.6559915634279315,PASS,,74.0,,5.461,0.0,11.6,0.0,4.6,13.5,0.0,,,
r136,65.8179099057643,-9.440761208372082,2.6590173235940915,0.11625079226516319,54.09131820526622,1.1461116618358522,0.47772767078833334,PASS,,107.8,,2.661,0.8,11.4,0.0,6.6,-8.4,0.0,,,
r137,107.01134918144528,13.605932889167363,5.424161460773778,5.482887705907736,54.781276177194954,1.0266587926836528,0.6155817272890489,PASS,,124.4,,5.473,0.0,36.1,0.0,9.2,73.3,0.0,,,
r138,107.35635090762227,-24.80524225293153,5.829564152661018,2.7739552009938206,55.847787169718885,1.0520300270825669,0.6786013912577312,PASS,,169.2,,5.631,6.6,55.9,48.4,18.5,-38.3,0.2,82.8,16.184,
r139,88.64327859551454,-8.0447604442878,5.398417705064643,4.138673500344398,56.334148189516974,1.0158050955136069,0.326187116252778,PASS,,102.2,,5.38,0.5,19.6,0.0,5.6,-6.9,0.0,,,
r140,70.64047133039668,12.178160524695102,4.905069593652771,3.4167719857528827,41.282796206917624,0.8745652881906478,0.7805373159995006,PASS,,118.7,,4.918,0.8,28.0,0.0,8.4,49.6,0.0,,,
r141,96.64015707976137,8.74103740910585,5.024547685451653,4.933381386679435,44.98753243838404,0.8714303660593918,0.6481527977503944,PASS,,105.0,,5.068,1.7,26.9,0.0,6.0,48.8,0.0,,,
r142,80.0475623766543,13.396811162418594,4.359712814118647,4.66281029806554,54.90664543809274,0.9198737087161885,0.7308101666758466,PASS,,123.6,,4.386,0.0,31.0,0.0,9.2,58.7,0.0,,,
r143,56.07987143064861,-6.832005438539468,2.5980886033444133,1.9545508755008645,43.33145427694544,1.0717057268201702,0.3988691772213314,PASS,,97.3,,2.603,1.1,9.7,0.0,4.8,-3.7,0.0,,,
r144,77.7211361750217,0.5930872606119699,4.170644923944383,5.88307221384653,56.99698708418345,1.0080269215907025,0.6702235276474713,PASS,,72.4,,4.213,0.0,10.3,0.0,5.1,11.9,0.0,,,
r145,100.95709521061477,-16.377975118053286,2.9012204389011793,3.3407163175749783,30.09228603748415,0.8834262588716555,0.7385172858742517,TAIL STOP,,62.6,,0.728,100.3,30.1,72.6,18.5,nan,66.4,57.2,16.43,
r146,72.08112289401276,-10.267356470101962,5.192093374164177,1.7764378896679627,32.1317841925917,1.0135147022040072,0.7417048057713092,PASS,,111.1,,5.12,0.0,14.6,0.0,7.1,-8.7,0.0,,,
r147,81.25313164132018,16.034041785491397,4.465031563751534,2.342058146260777,53.97146317015827,0.8606655710003552,0.4320909958698574,PASS,,134.1,,4.485,1.5,39.3,0.0,11.0,73.2,0.0,,16.826,
r148,99.5753244655645,10.35301643055302,3.4242802095180997,2.872064392270727,35.46620012914578,1.1336968765445958,0.6637900361918105,PASS,,111.4,,3.438,1.4,23.1,0.0,7.1,52.3,0.0,,,
r149,73.87373185285576,16.49580181289157,4.718642860733453,2.2188352688016924,54.706867294557554,0.885148307892842,0.7848749485054338,PASS,,136.0,,4.726,1.0,36.7,0.0,11.3,67.5,0.0,,,
r150,83.7695055425511,-16.999354832168038,2.112388464844346,5.750621651434262,39.19839978584288,0.9096637517651934,0.4018387546998375,PASS,,138.0,,2.208,1.6,34.4,0.0,11.6,-10.4,0.0,,21.95,
r151,64.08382237087,-0.7566063600827491,3.0488807904995383,1.6772229743421763,49.53321772048473,1.0111065786263544,0.6544747713152487,PASS,,73.0,,3.048,0.5,13.1,0.0,4.7,7.2,0.0,,,
r152,103.34704126478636,-14.430940132466098,3.1412531771717136,1.6461110082388402,45.89313572643058,1.1082190641098317,0.455337840933216,PASS,,127.7,,3.12,0.0,28.2,0.0,9.8,-20.3,0.0,,,
r153,66.49136855925836,-2.812091087941589,5.98743242797206,0.22938163107510073,55.66136207409794,1.049751882054865,0.773763616536373,PASS,,81.3,,5.57,0.0,11.9,0.0,4.7,9.7,0.0,,,
r154,106.95170977386921,3.226390253803743,4.317279662995223,0.9156783873457408,34.80871335213598,1.0044293273631042,0.7425887896682843,PASS,,82.9,,4.293,0.0,21.9,0.0,5.4,25.6,0.0,,,
r155,86.80933432785308,1.1459959259607153,2.766053525652494,3.160737041774035,41.667417135837646,0.9064302763461716,0.7066715148759202,PASS,,74.6,,2.774,0.6,7.4,0.0,2.6,13.6,0.0,,,
r156,62.065537113892184,0.11982719427571098,5.166455885461376,1.5448492852671687,40.46632552698007,1.1474447178139957,0.5433128335923488,PASS,,70.5,,5.048,0.0,10.9,0.0,4.6,14.5,0.0,,,
r157,92.72002895497462,-7.322937609952994,3.2921371213362285,3.519637558545045,44.14672141059317,0.8932666991042163,0.36969950704143834,PASS,,99.3,,3.279,1.4,14.7,0.0,5.0,-7.5,0.0,,,
r158,104.23156942384418,-3.8011144071369856,5.40504281357241,4.325162000319541,42.35610887997378,1.0434211667463087,0.7228269758547364,PASS,,85.2,,5.386,1.0,22.3,0.0,5.2,1.6,0.0,,,
r159,82.51802986691507,-18.22106276817346,2.0111386952561916,3.3148598101541484,33.70318902724093,1.129820056556519,0.7451860713799965,PASS,,142.9,,2.009,0.6,29.4,0.0,12.4,-16.4,0.0,,30.726,
r160,87.1652268685441,-4.479354195607627,2.7953736506764435,2.56983472524884,39.689969270313604,1.089179564918139,0.4534886804713959,PASS,,87.9,,2.792,0.9,6.8,0.0,3.1,-2.3,0.0,,,
r161,55.1775733755289,-1.4402095874140102,3.665733475533089,1.517559453601618,59.6472717581571,1.1265798414194128,0.40539558875747306,PASS,,75.8,,3.668,0.4,10.0,0.0,4.6,6.4,0.0,,,
r162,105.5853993332857,10.865035482568082,4.5894550174158955,1.3721346837911494,41.91529987551597,1.090562633083095,0.3563748577753517,PASS,,113.5,,4.582,1.0,27.3,0.0,7.4,57.9,0.0,,,
r163,87.54608069868982,-17.42824006781413,4.371525346732685,3.940079107900468,38.54703649251346,0.954796200189067,0.39608395909755656,PASS,,139.7,,4.349,1.4,33.1,0.0,11.9,-20.9,0.0,,15.098,
r164,76.38268593358188,-18.658094657560923,4.887266627828906,3.8700028812168004,57.77219819287569,1.0760681753632908,0.37755830168773347,PASS,,144.6,,4.881,0.4,27.4,0.0,12.8,-21.8,0.0,,,
r165,103.69298471547447,7.916052920646422,5.0444723674910925,1.7163797857112875,59.79476077683333,0.8888674281098574,0.6281085699644128,PASS,,101.7,,5.006,0.7,25.9,0.0,5.6,47.7,0.0,,,
r166,68.52070642053806,-20.374653925660226,3.36228803734035,0.008690861243134248,45.93091685685129,1.0525496292428025,0.34788236763362373,PASS,,151.5,,3.359,0.3,28.9,0.0,14.0,-20.2,0.0,,,
r167,95.2262116670898,-22.67993331067614,2.6913096758418344,3.5565931460103117,39.95022882155984,0.9161975651123653,0.3429463942455919,PASS,,160.7,,2.699,46.3,40.0,42.7,18.6,36.0,1.6,75.6,22.636,
r168,91.4513375192177,-13.605309838509884,5.278748584357418,1.8116835454604279,57.344628605667424,0.8597871098419149,0.549966191266042,PASS,,124.4,,5.163,0.0,28.4,0.0,9.3,-16.2,0.0,,,
r169,78.528287442025,15.522274006628443,4.760375324050148,4.999730156407283,33.873769994197126,0.9873804901197852,0.5264506674753703,PASS,,132.1,,4.782,0.0,32.7,0.0,10.6,63.9,0.0,,11.212,
r170,100.51222127438443,16.12876973115045,3.8573132692374026,0.03671828755746199,55.286991086016016,0.8806453266156896,0.3469466218021674,FALL,nose strike,63.0,21.3,3.856,2.3,55.3,2.0,18.5,nan,0.0,,19.982,1.32
r171,80.69172748577382,11.889593270112194,4.439249462204861,5.804040518538873,50.89961896703511,1.1402763583224549,0.3159633159189797,PASS,,117.6,,4.457,0.0,22.9,0.0,8.2,48.9,0.0,,,
r172,90.63331891909326,-21.69507330821571,2.170846530029683,0.8100673843361963,50.480337494366864,0.9188520091566812,0.5179522179248606,TAIL STOP,,84.1,,0.67,17.2,50.5,66.3,18.5,nan,60.4,77.5,33.982,
r173,58.290832158731654,-16.159844486339296,4.879357669168957,0.8605890119346925,35.61918586250857,1.005344307530113,0.5033391611566853,PASS,,134.6,,4.841,0.7,19.3,0.0,11.3,-14.1,0.0,,,
r174,58.425971879133684,-24.457232807013444,5.09409564873035,5.065960762952735,44.63162066813285,0.8908931060477154,0.5842395548607581,PASS,,167.8,,5.1,1.1,34.3,0.0,16.8,-20.8,0.0,,18.648,
r175,105.83030464099457,12.366814173566269,4.950904504160587,4.8857597286290675,34.08563121103202,0.9107497624178015,0.4035318871373232,FALL,saturation (nose strike),54.5,11.96,4.992,2.0,34.1,7.7,18.5,nan,0.0,,8.652,3.3
r176,107.81536479038377,-6.318407633214779,4.7892735003579,0.656240501972539,51.356109376294974,0.9344465277283176,0.5275254611585766,PASS,,95.3,,4.677,0.0,24.5,0.0,5.6,-5.8,0.0,,,
r177,108.18103649573827,10.685293905355593,3.4093279801386736,5.075883959698244,37.56876266699736,1.1014457506057487,0.4863887512194971,PASS,,112.7,,3.442,0.0,26.2,0.0,7.3,58.9,0.0,,,
r178,101.35413652200165,-4.28093920608541,2.2536399345414826,2.6094426386589014,56.71247918028283,1.0698810557880358,0.6062790613579092,PASS,,87.1,,2.25,0.9,7.7,0.0,2.9,-2.9,0.0,,,
r179,57.92058815280511,-13.550891986819973,4.544690107375519,3.2565411016661376,52.05215159287737,0.9395620423094683,0.7167034731463391,PASS,,124.2,,4.55,0.7,16.9,0.0,9.5,-10.9,0.0,,,
r180,71.0187550434813,0.39382646631245777,4.514308022490072,1.4155673937144866,40.88904536029882,0.9444610450045512,0.6300697988781522,PASS,,71.6,,4.483,0.0,15.5,0.0,4.9,13.6,0.0,,,
r181,108.45980502870881,-10.501210137780628,3.7098197947405493,5.402731621873648,36.93106049736844,0.9407479623457088,0.7297216441661931,PASS,,112.0,,3.699,1.8,24.3,0.0,7.1,-14.5,0.0,,,
r182,97.61042669640231,7.423510839453115,3.253493244370764,0.5421292703144689,48.570327233974425,1.102056379749047,0.5111544394051385,PASS,,99.7,,3.255,0.8,17.5,0.0,5.1,39.1,0.0,,,
r183,100.27843395735329,-11.83455137066073,5.218817235008245,3.499109020079695,46.35375885868768,0.9857423875276906,0.5234024420687937,PASS,,117.3,,5.178,0.6,23.3,0.0,8.1,-15.8,0.0,,,
r184,67.81086571831338,-17.507343202915752,2.4246690736358407,0.2588576383663861,57.183480528632,1.0367618839914337,0.7082225203214232,PASS,,140.0,,2.424,0.4,25.5,0.0,12.0,-15.3,0.0,,,
r185,69.59295714539296,17.50802345883102,5.14806451036922,4.103602734459138,37.744480180520355,1.022186115328594,0.7946244447298847,PASS,,140.0,,5.154,0.5,32.4,0.0,12.1,63.3,0.0,,12.81,
r186,68.76434847085187,6.863202706413102,3.3455032025795046,5.59975844633808,37.36979962687187,1.0253915334609789,0.3206625554993541,PASS,,97.5,,3.396,0.0,13.7,0.0,4.9,28.4,0.0,,,
r187,82.00813457315382,1.795826580914948,2.4810535282943427,1.005582108192068,40.56310631768964,1.0227418415559604,0.3357501516877723,PASS,,77.2,,2.481,0.2,15.8,0.0,5.0,14.8,0.0,,,
r188,55.587901263358376,17.746233819300606,2.872441794143657,3.904884649374159,38.294741229576445,1.007328871206954,0.5897263740497942,PASS,,141.0,,2.868,0.8,26.5,0.0,12.3,55.2,0.0,,,
r189,66.82053123055016,-11.25443287128399,3.1725704003001507,2.9920342154113726,54.19027961634379,1.0377589815761408,0.5686744923496556,PASS,,115.0,,3.175,0.7,15.1,0.0,7.8,-10.6,0.0,,,
r190,75.90075546559073,-12.495123825805234,3.579988217002824,0.6001218233752578,57.63523648172455,0.9768853593920217,0.5376204720819684,PASS,,120.0,,3.565,0.0,20.1,0.0,8.6,-13.2,0.0,,,
r191,69.12560697052464,-1.6032667333639985,5.072020538074764,3.049809168978677,37.94639134590161,0.8755070023096582,0.7703043199731132,PASS,,76.4,,5.058,0.0,18.0,0.0,5.0,8.5,0.0,,,
r192,64.91606617364654,-10.858192446116178,2.507922129252176,3.814959319219054,42.4979497982359,0.9307674872180534,0.38938444921876775,PASS,,113.4,,2.509,0.6,16.3,0.0,7.5,-9.1,0.0,,,
r193,74.15100290353736,-19.572599847262058,4.038023174386774,1.7447643750148236,46.067681297029736,1.0966182567979301,0.790814126171943,PASS,,148.3,,4.032,0.2,28.2,0.0,13.4,-22.1,0.0,,,
r194,74.81279663057059,-8.811664996706348,2.0803076864238887,1.3471827594696606,42.28728551943354,1.0333250672992362,0.4457612632611909,PASS,,105.2,,2.077,1.2,13.9,0.0,6.1,-8.0,0.0,,,
r195,99.01881264977396,-23.934226933065766,2.8060541393848712,2.0378180639619172,50.7237525745367,0.9054192449765421,0.6357381275851319,TAIL STOP,,84.2,,0.897,15.2,50.7,67.2,18.5,nan,57.0,74.0,25.314,
r196,101.49698418904224,3.887833452461475,3.935038580944285,5.721608562431294,41.21050477090823,0.9311287378968277,0.4649318022001376,PASS,,85.6,,3.988,0.0,18.3,0.0,5.7,27.1,0.0,,,
r197,102.9247409111083,14.837129862628842,2.0432297402704336,2.2568583982485535,52.89882355217192,0.9330279333525922,0.438714451213298,PASS,,129.3,,2.062,0.8,38.8,0.0,10.1,100.3,0.0,,30.636,
r198,106.58349846869908,-2.915197609370985,2.7272247195035892,2.8340812911725553,37.15764829540755,1.0861993144986102,0.6197396983789617,PASS,,81.7,,2.723,0.6,4.7,0.0,2.0,0.5,0.0,,,
r199,83.27149836984849,8.353574792248892,4.83698127273116,0.3103859478322199,45.56600320400587,0.9013962415634799,0.5994863036410258,PASS,,103.4,,4.777,0.6,22.6,0.0,5.8,41.3,0.0,,,
