run,rider_kg,grade_pct,v_target,v_start,amps,kt_scale,board_kg,wheel_kg,wheel_spin,com_x,com_z,frame_i,radius,pad_z,tail_mu,status,cause,reached_m,t_event_s,v_mean,overshoot_pct,v_max,peak_amps,sat_pct,peak_pitch_deg,wh_per_km,tail_pct,tail_first_s,t_warn_s,warn_lead_s
r000,77.48803263710403,18.95072147351089,5.2801105146306515,4.783449429056976,85.3144578368566,0.9541867328176136,17.754533897294593,4.762791331933378,0.03607780298674547,0.019855206666654444,0.020610098326469872,1.1757347184570064,0.14444544724077477,-0.0014508101809511675,0.420987599207458,STALL,,46.0,,0.001,nan,5.0,5.9,0.0,3.7,nan,0.0,,,
r001,88.49256183574752,-1.527942589675792,3.2302303094749756,5.9144177304581955,60.69105829188209,0.9794115357422182,17.29491474181198,4.301498944738941,0.05486813104943129,0.04400195273892532,-0.004802180854488091,1.4947172546683707,0.14898314543261731,-0.007298112768789614,0.6121941320534947,FALL,nose strike,13.2,3.25,,nan,6.98,60.7,10.1,20.0,nan,0.0,,,
r002,72.53379883764839,17.226458538302012,3.534526308638654,2.6719876500925595,63.60178987072844,0.966740457188921,18.140625188055502,4.667035897952971,0.03346482711401161,0.0397262485202992,-0.006659021043021034,1.2677723357326862,0.14301578291220632,-0.0010982270705148685,0.6612215305630442,STALL,,31.9,,0.0,nan,3.33,4.5,0.0,1.8,nan,0.0,,,
r003,63.68917162589403,2.7259740983968754,4.2951706747924625,3.140429001221464,82.10383655223143,0.9046479146378703,18.46762606991486,5.236385999953262,0.04897155178774082,0.03279596672985767,-0.005580472416746739,1.0783767999105849,0.1440295611017607,-0.0012847890858078605,0.4475772367350466,STALL,,31.8,,0.0,nan,3.38,4.0,0.0,1.6,9.1,0.0,,,
r004,79.45236537072199,15.524408449866215,3.0341141667845415,0.08771958418467073,90.22527372463725,0.9001451929770276,17.2896814354735,3.916704994864262,0.050241161825458,0.021604735885265958,0.004532451391122336,1.3527151392335937,0.14411219984641094,-0.013407093247758808,0.44437948840311114,STALL,,0.4,,,nan,1.41,11.8,0.0,0.6,nan,0.0,,,
r005,71.41464829274796,-13.40589847815553,2.137700912277418,0.7137710550563398,89.20102113590963,0.9783430072787415,19.42886948920562,5.308774109230615,0.038044868331760934,-0.0031150773714492593,0.017929330998839296,1.5101585591881048,0.1478438976374883,-0.00044895566374899415,0.6292318493642495,RUNAWAY,,123.6,,4.387,590.3,14.76,11.9,0.0,6.5,29.7,0.0,,,
r006,86.21259801845264,-4.8859019791273965,2.9951241568094464,0.15064363004764653,83.35924547807689,0.9223701791829677,18.45100045240769,5.285685155176061,0.033157990609863325,0.02236835080749484,0.012337225409343754,0.9672504069736425,0.14259983309899,-0.009887468256042881,0.5648737124618364,STALL,,1.2,,,nan,0.85,12.3,0.0,0.6,nan,0.0,,,
r007,56.946198047337646,10.222921350991726,3.47843979800055,1.8611690544583226,75.38213060229059,0.9184178259322554,19.240506333331336,5.2435808471725265,0.03308123001859238,-0.0016549895955541996,-0.0034340823656377004,1.4284948053014803,0.14799132237649473,-0.0019455025646054475,0.48952909147619655,STALL,,25.7,,0.0,nan,1.85,3.1,0.0,1.5,nan,0.0,,,
r008,103.53432353744851,-17.395186595155035,2.188296140071642,2.9253797549427256,73.61446401948207,0.9725812083686816,17.91593421343086,3.6379489656548967,0.03155157228142162,0.013033466879846304,0.014346109935421299,1.065261797371648,0.14967021168830477,0.00020401876514109137,0.3714163072233052,FALL,fall,6.7,3.28,,17.7,4.3,73.6,9.6,19.9,nan,0.0,,,
r009,63.03352852371859,1.0662280258397843,5.660683219733302,0.7671979237684465,91.1317996299162,0.9521406023966725,17.215190007601834,3.8746155175805255,0.03749739891219446,0.00991569132141443,0.017710415904607008,1.4304146499674737,0.1472897478639826,-0.009474227315680577,0.5219548088493495,STALL,,14.2,,0.0,nan,0.86,4.7,0.0,0.7,nan,0.0,,,
r010,94.63649148182537,-14.245035306710186,5.003620068300144,4.2781903921160644,61.21065737880278,0.9294009473956119,17.389728062718323,3.7777806041704456,0.057395193730840906,0.004934712419950568,-0.0017248037936305194,0.9431967723950672,0.14337021253111287,-0.0016999252338321027,0.652987730213052,FALL,saturation (fall),35.0,8.84,4.675,39.9,7.0,61.2,8.2,20.8,nan,0.3,32.2,,
r011,79.88916785369558,-23.67781143055946,4.745755645627721,0.14628074476331931,61.116437751192535,0.9047494943241361,17.998974814606758,4.8975887864878045,0.03910808769624937,0.04620388138929375,0.0016396358200872069,0.8687944294469009,0.14471512278584578,-0.006546630625281546,0.6272684031175405,STALL,,0.5,,,nan,3.46,6.0,0.0,0.6,nan,0.0,,,
r012,86.01589845546417,7.195181046183357,3.5808358322760663,4.8569359736438305,65.92478232614434,0.9803939288967722,18.78513382468416,5.12067726076668,0.03899655659106993,0.04102063841437645,0.016396841233829174,1.3652004884737066,0.14724189756872558,-0.0061189272337776515,0.42941338668439233,FALL,saturation (nose strike),37.8,10.33,3.676,77.9,6.24,65.9,38.3,20.3,nan,3.0,16.7,,
r013,60.581126771771515,3.505042734514962,4.042163190837121,4.709678832926785,61.71735040393307,0.9381628391453096,18.32487729824186,5.218640525402163,0.04524418031353973,-0.00391175654806682,0.01928944641450795,1.1628048470945918,0.14304485201549985,-0.0006401667912740838,0.3437364598016255,STALL,,50.1,,0.001,218.3,4.83,7.4,0.0,2.1,9.1,0.0,,,
r014,93.43641223397502,-13.958751518012878,5.330375582422658,4.390009088444509,78.7980600214376,0.913493820033372,16.950227443867295,5.334330705670124,0.04983660584635055,0.013410341330354885,0.009254253388803868,0.9106521671003465,0.1453441690952339,-0.0017829490680996707,0.5451019448991854,RUNAWAY,,125.8,,8.333,199.5,15.97,78.8,0.0,16.1,34.9,0.0,,,
r015,68.06954811886962,10.827742105211641,3.505049787662638,2.4740563162321645,98.72273027069026,0.9126587949850309,18.96335769065069,3.7867836561914796,0.031997291149949564,0.030435111219675782,0.007530174053891354,1.0150553075253743,0.146969464191698,-0.010625727742236576,0.306035587808328,STALL,,28.1,,0.0,nan,2.92,4.5,0.0,1.8,nan,0.0,,,
r016,97.11598820642695,-19.11699723202887,3.985710702697916,0.599808879388151,93.83322669266795,0.9681222846904602,17.793344967397474,4.151557385413387,0.04415082668827746,0.04480011303386314,-0.01646500406066036,1.0331454194965513,0.14366077927125737,-0.012350858256439832,0.5708837606212427,STALL,,10.0,,,nan,1.51,6.8,0.0,0.5,nan,0.0,,,
r017,61.86536612959443,-2.659239170451297,2.154829390532573,1.9110108838548614,98.5865621821514,0.9202209144623091,18.942443112825142,4.743833939931111,0.03286285013443426,0.050450238904360734,-0.009281051565567366,0.8975964379315754,0.14642121454020535,0.002101901853504685,0.36665513299885677,RUNAWAY,,80.6,,3.557,161.0,5.62,6.6,0.0,1.5,9.9,0.0,,,
r018,61.16044996156934,-7.5293400763525575,3.797093592686272,4.50172304745068,91.65980226634265,0.9343065405579418,19.71606861942254,3.90892835083466,0.04709860610163596,0.04234801563778798,0.0009755512270142215,1.058604382114165,0.14989603694938022,-0.0078130467327602,0.30997021062947006,RUNAWAY,,100.1,,6.913,nan,10.79,9.9,0.0,3.6,19.5,0.0,,,
r019,85.05618942030725,13.551869407212969,5.897240796164681,5.217286547782152,90.90788520531669,0.9842687107923407,17.570545995895685,4.105193005183133,0.0481857258994625,0.04723904966789565,-0.0032785601599776126,1.245707892059455,0.14251198484525107,-0.006021235399731645,0.5682839966234736,STALL,,44.8,,0.001,nan,5.72,12.4,0.0,4.2,nan,0.0,,,
r020,67.33292455192428,12.390408600104756,5.807412431948052,3.2885001821006883,95.28650243637382,0.9747042675353081,17.211570912982186,4.755010057307009,0.05230904909602582,0.0028825715961974026,0.002676378048356822,1.129568826741583,0.1496080975751196,-0.0020135511586606755,0.5998335777291091,STALL,,34.7,,0.001,nan,3.26,7.2,0.0,2.5,nan,0.0,,,
r021,57.50922659144176,19.444454376284426,4.234192601466143,5.345811367553026,83.76134777228604,0.9670929757241082,17.66831221214012,5.073906031945807,0.049709925721462225,0.01733662241996012,-0.004781377705988382,1.2088535071075226,0.14595019976238627,-0.005431084482440873,0.7342105343548414,STALL,,49.4,,0.001,232.7,5.62,5.9,0.0,4.2,nan,0.0,,,
r022,104.97673737679527,-21.767597942726503,4.677046092658257,0.8804318716417356,98.0168006097245,0.9695380739273666,18.851016017568124,3.89854210597373,0.04333621657351598,0.025881048863927333,-0.01117586257254644,1.2224552769146393,0.14689657084822072,0.0026286161726340306,0.40039820396323383,RUNAWAY,,157.1,,4.608,337.6,20.47,36.1,0.0,11.8,50.1,0.0,,,
r023,78.70165180420551,15.218370068335346,5.763019150801223,2.2373297787632582,71.67352259533911,0.9332958662899192,18.375905894843978,3.933667281517071,0.03880392487116384,0.001110130495152989,0.0048987570490214224,1.3419778176036976,0.1460761514865124,-0.011273929796718438,0.696690810234376,STALL,,30.0,,0.0,nan,2.24,3.7,0.0,1.7,nan,0.0,,,
r024,71.88293523840346,16.78388025093517,4.004011073349442,0.6795829933234555,94.68854310865655,0.9514824946511525,19.676758543109166,4.273269615538534,0.04177643357259696,0.010167426955574065,0.01285221841146917,1.3184546933439252,0.1495661800427635,0.0017878447805545535,0.5263847216527814,STALL,,17.5,,0.0,nan,0.87,5.3,0.0,0.5,nan,0.0,,,
r025,93.01377246657708,5.947950019911396,3.6529592058619014,4.482321854261441,64.11948276562073,0.9105050943965939,19.75415144793749,3.734392761059644,0.05068398138936336,0.02110243312641745,-0.010371264971336076,1.4814244118014779,0.1469291323029391,-0.008113979105274055,0.40818377855682275,FALL,saturation (nose strike),36.8,10.45,3.56,88.9,6.01,64.1,49.0,21.0,30.9,5.9,8.6,,
r026,76.9563376979904,-10.581163432625495,3.7253110071984086,2.5123307728783857,92.78158158316782,0.9247592323215513,18.835254544638083,4.980693103096921,0.0361095506719091,0.04001779719572193,0.010766182586323909,1.3613328409751735,0.14225313740455575,-0.004572410730452609,0.7728326583900962,RUNAWAY,,112.3,,6.106,255.3,13.24,10.8,0.0,5.4,25.3,0.0,,,
r027,83.43227050178346,-7.39459911065325,4.6838535430761015,1.185984795771747,63.860299627373344,0.9779538202516556,19.15603373382914,3.880937054616004,0.057904615460761186,0.030921400934657086,0.00709085335751676,1.3784863105884813,0.14200832845690042,-0.003515798515910126,0.48541142549026883,RUNAWAY,,99.6,,4.255,124.2,10.5,8.2,0.0,4.0,19.2,0.0,,,
r028,61.04304052354263,-0.7436082252593827,3.9073504045464515,2.9092427341856766,88.06910733749251,0.9335690794180121,18.07541016218324,4.939965902795619,0.05527316873719663,0.02605386879098862,-0.005654300661209604,0.9504198878226009,0.14645221178689655,0.0010283420166059196,0.407169860508687,PASS,,73.0,,3.367,nan,3.85,3.6,0.0,0.4,8.9,0.0,,,
r029,98.07194690821416,13.041995367739496,3.2003196649434447,2.3956048818914817,66.93440122549623,0.935378014850277,18.419893458375242,4.176512323307647,0.03965518527608273,0.04541969104488783,0.01697027713953566,1.0456451033831968,0.14745535964805181,-0.009764073625153882,0.3936860449350653,FALL,nose strike,18.9,9.24,2.147,nan,2.87,66.9,2.2,19.1,nan,0.0,,,
r030,57.3907462795433,23.187365206558013,2.608766385529216,5.764502896298855,69.04179148352873,0.9085513433507508,18.19578339727492,3.963122734335653,0.03248396927609943,0.03691685214320055,-0.004189188299012334,0.9288779741029787,0.14311109081133833,-0.004320413118211335,0.6664155100023428,STALL,,52.9,,0.0,382.2,7.36,8.8,0.0,4.4,nan,0.0,,,
r031,80.99341940858642,-7.228998808055806,5.460945398844206,4.053092630742364,85.7019765053255,0.9052021909280723,18.475603700133195,4.606247411976686,0.05764323037025329,0.04756094093267371,0.0033912532102669223,0.8784618057037107,0.143827767587956,-0.002324080630678233,0.5368416509945747,RUNAWAY,,98.9,,6.817,99.6,10.9,20.2,0.0,3.6,20.6,0.0,,,
r032,101.83496625474578,6.82816248124702,3.9648942049679903,3.7456058877909797,73.46394421378149,0.9560700917964211,18.03152463622892,3.696582204909141,0.05144116511115386,0.043870561228422866,0.019510816025189108,1.4911107952159584,0.14671132521093166,-0.0003780478864284006,0.6080214622568523,FALL,nose strike,15.0,5.06,3.457,23.2,4.89,73.5,6.4,19.7,nan,0.0,,,
r033,83.98377801578943,-6.68619689043085,4.964350844017227,2.9582319201737324,91.32475001986603,0.9547426026474614,18.754805719233612,3.8228573299792306,0.04279117861484795,0.04959641221244146,0.014865970582949743,1.4484546357430022,0.14386199836977506,-0.0036597122159736546,0.35312124833981856,RUNAWAY,,96.8,,5.754,102.5,10.05,26.0,0.0,3.5,18.3,0.0,,,
r034,84.40875690160702,-2.31347477577534,3.8265889046775694,4.649286706993813,74.71611387798437,0.9372711572266363,18.6448631564921,3.829327377001501,0.04157038019300406,-0.004115121531944034,0.017097201732403353,1.0976973395656713,0.14805163516994557,-0.0020838650157458654,0.7794430349953766,FALL,saturation (fall),17.0,4.64,4.762,4.7,5.81,74.7,14.0,19.9,nan,0.0,,,
r035,73.20533088019928,11.58976495729408,2.022507799129655,4.543075043383879,68.9371821389995,0.9636379489239506,17.59849991416927,3.957334649074893,0.04305008700825269,0.033154665853008414,-0.013155328485152202,1.4353159362205228,0.1481657567705749,0.0028884446414907654,0.41077205445215437,FALL,saturation (fall),30.6,8.1,4.1,nan,4.89,68.9,10.6,19.9,nan,0.0,,,
r036,56.371760197835556,-12.47820293975281,4.189423928328489,5.9453789511998005,76.08593925554962,0.9691951151964241,17.587032080677048,3.791737146633645,0.040243625490881924,0.03897768393595062,0.009666451003765158,1.2601106085865241,0.14275806658812543,-0.005932068215557437,0.4678778313457869,RUNAWAY,,119.9,,9.484,nan,15.56,12.4,0.0,5.8,32.0,0.0,,,
r037,74.45853411205105,-6.4073894745459725,2.3737571328664933,1.4711096503912584,67.84672927731097,0.9092337149985155,19.187876538971633,3.8147889710159735,0.04142267236289255,0.003963286956308569,-0.01287808130480109,1.236721146580313,0.14750505844499995,0.0003777340568395498,0.5670207085404231,RUNAWAY,,95.6,,4.51,298.6,9.46,8.2,0.0,3.4,17.2,0.0,,,
r038,88.92394140478547,6.331707469179669,5.946778578470084,5.66305754165131,67.00292350530579,0.9601547964573105,17.348902930010407,5.038091433373053,0.04340890291092677,-0.0033123578929709504,-0.01536131164250029,0.8293226730292746,0.14312837682225546,-0.011715056542945293,0.5507597086271631,STALL,,48.9,,0.001,nan,5.84,12.3,0.0,3.6,10.1,0.0,,,
r039,87.90141623711403,3.929255341829851,2.318543864375715,4.232505537881008,94.92031968678182,0.9733107055826178,18.30656122949688,4.715479170187438,0.044204770452211245,0.0478202767227868,-0.005109928003992946,1.1515850280791156,0.14465228086410223,-0.009168781836687854,0.47781069048249253,STALL,,37.6,,0.0,304.1,4.89,86.3,0.0,19.0,20.4,0.4,22.7,,
r040,60.0547699233056,-19.41996944495033,3.7571953375777674,1.9393170945804894,79.64496294001313,0.9302436828444759,19.698360349638236,4.317890011156953,0.032121006509704085,0.0487782809515761,0.009456694385322765,0.9192882114732397,0.14610284431296108,-0.0023478598007795493,0.39907885136859933,RUNAWAY,,147.7,,5.842,402.4,18.88,15.3,0.0,9.1,41.9,0.0,,,
r041,60.32991055647598,5.1734039122730096,2.8261203027086585,4.456906307005122,86.20096525517638,0.9593099370524125,18.611255652353005,4.614555129742388,0.04389367767558073,0.004801259535765266,0.0139558994377539,1.009130078124897,0.1477385686133603,-0.01023363978508202,0.7456479186266476,STALL,,39.9,,0.001,256.9,4.43,6.8,0.0,2.8,8.7,0.0,,,
r042,69.4385458113035,-5.11535138664156,2.840778008070443,0.9521870496120579,97.67500574867927,0.9379308521499052,17.897030591512134,5.2487053658030955,0.05063188323305195,0.029613967144346377,0.021048006374964595,1.369923132632273,0.14316177593086646,-0.013032285093076142,0.455357901721772,RUNAWAY,,90.5,,3.656,193.9,8.35,6.8,0.0,2.8,14.4,0.0,,,
r043,85.52959877594974,-20.778066792818883,5.855363834015384,3.9883167378900604,64.25482635543354,0.9431569506062815,16.9755169185377,4.577123411605478,0.05697555270568554,0.0007490354763626337,0.0003458894120319696,1.465644245248333,0.14761234850869076,-0.0018791030566419967,0.74313711741182,RUNAWAY,,153.1,,8.744,244.3,20.16,63.2,0.0,13.9,49.4,0.0,,,
r044,109.58573217898444,-23.066658706764102,5.564800246258102,4.027095644711526,71.53654721155753,0.97131163636011,17.72433484356281,3.654681964154862,0.05050492003533476,0.02696965877329956,0.012402647876784894,0.9930439571271943,0.14486280404085786,-0.003446047112976698,0.4165717847736995,RUNAWAY,,162.3,,9.127,294.8,21.97,71.5,4.5,21.0,56.9,0.3,44.3,,
r045,95.9671895636979,-22.898020314365905,5.446643220811575,5.534478122780879,74.25955896799226,0.9604980508484323,19.600692328471087,4.994253697774063,0.0394758882089231,0.007256007016814798,-0.014312296818546663,1.3738352982988298,0.1484324558753426,-0.0073974912987049175,0.7382322710319253,RUNAWAY,,161.6,,10.397,20.8,21.75,74.3,21.4,20.2,56.2,0.9,12.0,,
r046,92.20350293791603,20.62122737954961,2.4115867045269366,5.392546862061884,88.27353197315524,0.9037846113882103,17.698120634115536,4.6241823899361085,0.038634850631256226,-0.0020958748347833507,-0.0059053002448116905,1.148319946760248,0.1451676950417054,-0.011854123137796256,0.7852085567857283,STALL,,49.6,,0.001,312.0,6.37,88.3,0.9,18.5,nan,0.2,19.4,,
r047,58.780759938746066,-15.132153560033666,5.659977593537743,5.286070745057753,93.54478254238458,0.9436903748081323,19.407743328072453,4.855812646032463,0.044869221397700276,0.04907920175553562,0.010881233789208647,1.347693011259441,0.14908945168137414,-0.009325991046990521,0.3262363695669107,RUNAWAY,,130.6,,8.883,189.2,16.37,13.2,0.0,6.8,34.4,0.0,,,
r048,82.34676694476939,-24.53207440062037,4.10599355133224,4.802760348704785,66.73483088056321,0.976814907566849,18.292918825820692,3.6344956612267163,0.045345540903041825,0.016957800406169992,0.004103780542079671,0.9381391305925602,0.14905684709018444,0.003089772052467332,0.7057294847491603,FALL,fall,26.9,6.59,4.747,6.1,5.99,66.7,7.2,19.8,nan,0.0,,,
r049,72.9325522867199,-18.965490957071864,3.08937046005848,2.704140689598206,90.03214625128012,0.9006903530141435,17.048615069764338,3.859819465288825,0.05005108940501683,0.010933150377777062,0.022369046018200306,0.8931438282101102,0.1421316399347166,-0.010993615303103863,0.5403914946721811,RUNAWAY,,145.9,,7.461,529.0,19.43,17.2,0.0,9.1,45.5,0.0,,,
r050,76.69887570697499,-3.6439424968928726,4.932549017657262,1.0779506395733436,81.71736230910507,0.9357331525511261,19.50589075118283,5.295218770824159,0.034487788506110804,0.011582445109132072,0.002104589152748096,1.4767723333716347,0.14815325883867098,-0.00584410532038082,0.5287695543226765,PASS,,84.6,,3.554,38.3,6.82,11.8,0.0,2.3,12.5,0.0,,,
r051,62.15462750328706,8.88372801437032,5.613667447583138,5.513682756090457,69.78656683662956,0.9208722357736501,17.617801539249008,5.1810569143630065,0.05452737163770614,0.02667740876489807,0.002563429170776385,1.0728164353607492,0.14822213931378447,-0.010864591982999496,0.37337155103318576,STALL,,44.7,,0.001,nan,5.64,10.3,0.0,4.1,nan,0.0,,,
r052,94.13346495481485,12.859055708059671,5.304243323668996,0.33601232552246524,61.98187038593159,0.94845200272827,17.63890654279509,4.330185183167354,0.042855523429475566,0.0372732449686229,-0.006254066633185944,1.3374260383927221,0.1460087032653516,-0.0005286535956321014,0.3314424544082342,STALL,,3.7,,,nan,1.38,6.4,0.0,0.3,nan,0.0,,,
r053,98.72473211763908,-12.100492883000305,4.211906434950045,3.0904766918950797,68.56987652086768,0.9081083157660282,19.208430692799972,3.744445221424199,0.04446682779245625,-0.0004193999911759772,-0.00616078039172591,0.8668557069856948,0.14233962703067113,-0.006281252394144335,0.36187767832669765,FALL,nose strike,11.4,4.7,,2.4,4.31,68.6,7.1,18.9,nan,0.2,11.0,,
r054,82.84709036895225,-18.125289226145036,3.63088212885813,0.46913457035018924,62.05640271369537,0.9479376892921149,18.76151712005339,5.361961242462533,0.055490966543109574,0.0021241084312007795,0.0036596672754186307,1.110212582747355,0.14450079600979654,-0.011473231960719142,0.7536737342634516,RUNAWAY,,142.5,,4.16,406.4,18.39,15.5,0.0,8.7,42.1,0.0,,,
r055,70.0834872435113,-5.646576064334507,2.293171597256152,3.7896572064027234,99.99191782834532,0.9399165891955734,19.004640906805534,4.033961500412967,0.04552535715919106,0.03968488688953685,0.002231541098868979,1.2038011437641813,0.14245068574990774,-0.004804371044996364,0.5946541995552495,RUNAWAY,,92.6,,6.27,nan,9.58,21.0,0.0,2.9,17.3,0.0,,,
r056,106.04156286588032,-10.078296756846001,2.202299939500665,3.2168386384119767,77.43992989960032,0.956846167215848,17.42288830956664,4.674646516563314,0.03533947376049402,0.027809858139227654,0.021355761403014616,1.4090713835808488,0.14970391794638435,-0.0007445838009100779,0.6376040748865738,FALL,fall,6.0,2.87,,13.2,4.78,77.4,12.2,19.4,nan,0.0,,,
r057,67.04665981956995,9.582330616427114,3.9425258903187377,4.355986669118814,60.48037602661724,0.9348559724531343,17.105363306821456,5.2064057200615395,0.03727887238531628,0.05223222655830104,0.013619261294731667,1.144545797206635,0.14863087491609653,-0.005293496997826455,0.4968333863378101,STALL,,37.7,,0.0,224.3,4.9,8.3,0.0,3.2,nan,0.0,,,
r058,89.27333738274696,7.651725253417254,4.45951054980832,1.2141667609074123,77.22282683167509,0.942090012331257,18.09900175578696,4.031500768026087,0.04229378004970295,0.03129770798044823,0.008171287273764823,1.3572560761424992,0.14276865978042183,-0.002193477650869625,0.7202246707794899,STALL,,19.1,,0.0,nan,1.61,6.7,0.0,0.9,nan,0.0,,,
r059,70.7747416356909,-13.067860413166532,3.5564260312909077,5.170267543619712,80.11312226675773,0.983934637376924,19.65773033755455,5.146001950584038,0.03402862737211184,0.008573118171660704,-0.013289011829921243,1.2998549934709027,0.1463319977399772,-0.007153567267768232,0.7227721545793516,RUNAWAY,,122.3,,8.83,nan,15.49,12.3,0.0,6.0,32.5,0.0,,,
r060,89.58421691576046,7.28266165894847,3.61655114630191,4.018206518756684,78.34453044789348,0.9650369996745618,17.803166469237603,4.369939100822762,0.052481926851846744,0.03566433924702575,0.018086167391491617,1.4724556030485614,0.14824613403315598,-0.01255380059504402,0.7090929236487656,STALL,,34.5,,-0.002,215.1,5.06,78.3,3.2,19.0,nan,0.3,13.9,,
r061,93.50728325094859,1.8316130253762317,2.0786820881620183,2.536976624321848,70.73752681535112,0.90110450452784,19.636276935905506,4.09327889489047,0.04620735946479239,0.0027625644904683486,0.011112573278510889,1.188484867367547,0.14717278147073148,-0.012754791523675939,0.4271149561280736,FALL,saturation (nose strike),30.0,15.67,1.713,123.7,4.23,70.7,43.9,20.5,36.3,9.4,5.3,,
r062,88.12287356172698,-2.0138238611003487,4.579212955200358,1.2570037843409363,85.00143751578722,0.9281230430380376,17.07983365028334,4.349242004651569,0.04584338059892079,0.05354144346100419,-0.0008924476715144007,1.3923815785130285,0.14639128340147872,0.0008010185555482694,0.5531446704184025,PASS,,78.1,,2.892,25.2,5.73,85.0,0.2,9.2,10.5,0.0,,,
r063,56.47726000671428,21.241505321890656,2.4478697506419986,4.437739159957936,99.19649373911844,0.9329441657741312,18.665544823950942,3.8887730363064517,0.04030720543895188,-0.0019772560087938087,-0.002076084071969417,1.2282653806962796,0.14902979447839707,-0.006674251664318407,0.46626547775769145,STALL,,45.9,,0.001,276.1,4.4,8.7,0.0,3.4,nan,0.0,,,
r064,65.58119535155026,-23.251902809216084,2.3950813435247373,2.7570039747016453,60.86200196058409,0.9310034520050379,18.546908583436718,4.340294749401293,0.0548104346536249,-0.000608501999486314,0.016708507068322227,0.8596531459860836,0.14627699587146564,0.0004772994396825842,0.7144166826287424,RUNAWAY,,163.0,,7.798,nan,21.72,18.8,0.0,10.6,54.8,0.0,,,
r065,103.98509568878643,-21.73936854152793,2.55283240185111,0.284950364715862,82.54827705165732,0.9374970002815575,19.361242526772564,3.7673614894298506,0.04268140691290759,0.041378196745765525,0.01526120484998282,1.0841419702476567,0.146495551510292,0.0001187375269309475,0.7954625772131481,STALL,,2.3,,,nan,2.32,26.3,0.0,1.6,nan,0.0,,,
r066,93.83618938813524,5.7066271922279626,3.8711970053892273,2.117498686940757,98.38532052706542,0.9819554478845507,18.18930627096814,4.881025622369256,0.05259522887028234,0.005771973489449585,0.014579723077481378,1.2958013522775387,0.14832394281667086,-0.00570132750607282,0.6560307362643065,STALL,,24.5,,0.0,nan,2.13,4.8,0.0,1.8,nan,0.0,,,
r067,77.15456418727743,17.483818951748553,5.87358696766643,2.176027767051711,89.75603338343268,0.978622758185653,17.013256678275923,4.022895419890844,0.034242346558782666,0.04679747966328697,-0.013476636968870907,1.2899604186368803,0.14204670179066728,-0.006838720356247312,0.6414822718222394,STALL,,28.4,,0.0,nan,2.94,4.6,0.0,1.4,nan,0.0,,,
r068,92.50663650680538,-1.2745138899861885,4.066388669022491,1.0806079044221197,84.90464808860821,0.948073252443925,18.102303992959474,4.567970472536972,0.057423751027365785,0.019272091440687245,-9.118146771930347e-07,1.273224761675601,0.1462205499718591,-0.007568562396098527,0.6469684872421879,PASS,,75.1,,2.522,nan,3.9,4.0,0.0,0.8,9.9,0.0,,,
r069,84.91770545653735,10.42873532587015,5.977243574358708,0.4183923017307017,75.70773173432775,0.9657195463348738,18.34860508479612,5.162114634355837,0.035427807905611904,0.052756636742355714,0.019626113293683543,0.9224648544122176,0.1458844230532259,-0.0015157092001383873,0.7889335773094057,STALL,,3.8,,,nan,1.96,7.9,0.0,1.5,nan,0.0,,,
r070,96.14141256205131,-9.331095164278027,4.128140446564151,5.254532710593084,72.42875464372298,0.9529899436866519,18.563730812510315,3.6516772724108892,0.05098451347614952,0.008387861438213547,-0.011611722064032543,1.3354641380426793,0.14874805949572636,-0.012096979805130605,0.37536528616416065,RUNAWAY,,107.3,,8.111,3.6,12.74,72.4,16.5,19.7,26.6,1.2,10.1,,
r071,64.58684833831643,17.679901654122098,3.322963573754209,2.6266036773175743,67.67641459127992,0.9622614371910798,19.278167238997664,4.21663524515007,0.04798279223215647,0.029446989091980073,0.0029251573615571187,1.3797252989843611,0.14893206407589446,-0.0013757539320343078,0.7845761703734221,STALL,,31.9,,0.0,nan,3.17,4.4,0.0,1.7,nan,0.0,,,
r072,64.00139923026454,-17.856278545463248,5.360219617020277,5.6304794357036645,73.16450039515007,0.9367083695061578,18.15989681917369,4.420563866379923,0.04567800759525002,-0.0027762462120356096,-0.012664216616217956,1.184778808365206,0.14361904604613407,-0.011320863350781696,0.607027753864337,RUNAWAY,,141.5,,10.171,nan,19.22,16.5,0.0,8.1,45.2,0.0,,,
r073,90.9155014481336,24.94710501996083,4.272783786641318,3.7735891833948623,63.13623669968422,0.9320559112442951,17.933912976210728,3.682812617024662,0.0472640269979422,0.007721784277950566,-0.014811757212471792,1.0028862427177117,0.1435365070994925,0.0025979061061274667,0.5168073128370236,STALL,,43.3,,0.0,nan,3.9,7.3,0.0,2.8,nan,0.0,,,
r074,78.1790942906039,23.625482400950162,5.624632633779299,0.49626669538832535,99.33270466762016,0.9808412496332347,19.87745757736761,4.594083562624816,0.04606425345729061,0.02640975529989534,0.008812492758329467,1.1799297485392821,0.14657493768065846,-0.0038519013249497785,0.7618324934955422,STALL,,8.4,,,nan,1.45,5.4,0.0,0.5,nan,0.0,,,
r075,87.3902591286797,-16.943515625027192,3.019121311198164,5.029173326370904,84.33628608588634,0.9413439799455856,18.579506244544543,4.205276373183322,0.05419843193257573,0.04031812801962985,0.005837805885627174,1.1230923343246864,0.14675355719786837,-0.010133754023113626,0.5486393912570895,RUNAWAY,,137.8,,9.059,nan,17.87,84.3,1.2,18.8,40.7,0.1,20.4,,
r076,56.719098583997045,-19.976412743755457,3.763900089148242,1.4648132807849779,82.26990835700516,0.9584531721837912,19.101509971577084,4.141864071126317,0.051796301579580505,0.009238603970503596,0.006914134586251796,1.2931557568787169,0.14660157151795236,-0.011746484123124411,0.3166255914870998,RUNAWAY,,149.9,,5.74,414.2,19.36,16.2,0.0,9.3,44.6,0.0,,,
r077,75.09568305574896,-13.522936069174406,2.4663235881610333,0.3793058507057885,72.196040608077,0.9141738729810829,18.7038213523245,5.313310153846427,0.05458714355559894,0.005244789125176069,0.008659573245255299,1.3276309858805784,0.14679511052949648,-0.01315576102510069,0.7324968339247958,RUNAWAY,,124.1,,3.575,503.7,14.89,13.0,0.0,6.6,30.5,0.0,,,
r078,65.43978775907189,11.188719745350774,3.6996826336746684,2.6600052544661548,77.06725965537089,0.9187569580481878,16.931477353159018,5.281219844428033,0.03790177726606956,0.01793970445144496,0.015403287977703989,1.1660757932883679,0.14544366418285462,0.002395993806919095,0.492437170291172,STALL,,30.1,,0.001,nan,2.85,4.1,0.0,2.0,nan,0.0,,,
r079,96.39850308140153,-22.205689516059913,5.230397092405809,3.445621561681514,97.43742607382165,0.9591237666775745,18.895408487032984,5.19178437676021,0.036646125428708334,0.0001040401057424388,-0.013941750237691692,0.9615295084703446,0.14520495969186323,-0.008963105680501874,0.7654661210089605,RUNAWAY,,158.9,,8.507,307.9,21.33,21.7,0.0,10.1,53.7,0.0,,,
r080,102.5128209318262,-11.044385430669145,4.61844049197912,1.382202350007466,77.93374362822087,0.9305319551594724,18.047821756420078,4.124370252543614,0.05412169168043741,0.015415305519113073,0.016538124498408767,1.275861190144731,0.14856781698885577,-0.005474435016250712,0.3565935264657215,FALL,fall,43.8,23.9,2.337,41.1,6.52,77.9,1.5,20.0,nan,0.0,42.6,,
r081,91.99553627209835,8.075086688231046,4.395628753476574,1.2755556315242746,86.43383840239494,0.9701555651717454,17.946324414276006,4.960778801309635,0.05116644704875914,0.019460916518194895,0.013536494950930247,1.519353500438025,0.14683437714449424,-0.004110866813004366,0.7421688427975239,STALL,,20.4,,0.0,nan,1.47,3.7,0.0,1.0,nan,0.0,,,
r082,75.51818442585224,-8.84108625697285,2.3423793138693894,1.290796560712837,89.19505462571539,0.9654011856217553,19.511961428008746,4.887323682747499,0.03996668141913015,0.012491617671798464,-0.009795130536400486,1.4447738595288597,0.14615913664592628,-0.007097626840181209,0.6926503284065133,RUNAWAY,,105.4,,4.606,389.8,11.47,9.2,0.0,4.5,21.2,0.0,,,
r083,74.53432036889204,1.3390382144371706,3.2643196687396085,5.974541585140294,72.71510434601954,0.9252054607701995,17.98302878855603,4.824083457744589,0.04352908141479861,0.011411661720478548,-0.0027353245568462192,1.3256676704684547,0.14712637696527853,-0.008681801104792315,0.33643735059866153,PASS,,75.4,,4.891,3.0,6.62,72.7,14.3,19.4,23.4,2.0,29.5,,
r084,68.2513682618223,-9.94645922841734,2.567743551148144,3.630855192426509,83.82402834766825,0.9015784291323778,17.139607385702632,4.2243007131744275,0.04375789162173702,0.03446778594646839,0.012771417925012778,1.0371640412165026,0.1488618457977827,-0.0033584713679548368,0.4802887301725796,RUNAWAY,,109.8,,6.777,nan,12.46,24.2,0.0,4.8,23.5,0.0,,,
r085,61.51053958374457,22.2939021909457,4.637619125014455,4.7359872448955365,64.40472370244463,0.9283697464570898,17.152105074733676,4.789742619756831,0.05658817486395096,-0.003654212804764246,0.01833054948209338,0.8875638179267104,0.14210377178567188,-0.0061754912349302575,0.5754589136393822,STALL,,48.1,,0.001,203.8,4.91,9.8,0.0,3.8,nan,0.0,,,
r086,89.80690526443695,-14.482262422313898,3.4466797656469046,4.149892146540083,79.3202412419547,0.942486393331807,17.444848983629104,4.135532655011248,0.056646611009905104,0.03665751104299969,-0.007076163906575511,1.1187155493687426,0.14752780814953875,-0.009513596782705361,0.35839799062645605,RUNAWAY,,127.9,,7.921,11.4,15.96,79.3,6.1,19.4,34.6,1.0,15.2,,
r087,77.86860263434635,20.768609639098663,3.3892616407710863,4.215633936220389,68.60842990294816,0.9275729193660582,18.98413999431733,4.870182778246789,0.051611428919650974,0.04841480632503668,-0.01500524535170579,1.2834533187968815,0.1492690369625554,-0.007881766120050392,0.5063916730474798,STALL,,42.4,,-0.001,247.3,5.32,68.6,6.3,20.1,nan,0.5,13.9,,
r088,62.6868080488997,-3.2327274473168544,3.1896153096403865,3.713617738139673,76.81048858556062,0.9270797692926293,19.38216068899121,5.387640830808718,0.033300564514882634,0.020480748972067753,0.020065735351595657,1.4163180272743978,0.14297839037868987,-0.008533606527636113,0.323853654072909,RUNAWAY,,82.9,,5.49,nan,7.43,6.1,0.0,1.7,13.6,0.0,,,
r089,66.04244724895054,-20.727520308340658,5.906495104942051,1.1606669047424936,80.88248856603786,0.9765438755327239,18.058809008561813,5.225015821497708,0.05326976962012578,0.051425357996098015,0.022016647680556764,1.0684835638373567,0.14780972271709916,-0.0030014903806386863,0.5387599639619212,RUNAWAY,,152.9,,4.379,230.2,19.5,15.5,0.0,9.6,44.9,0.0,,,
r090,73.56533339367815,9.458507322250014,2.8957297056896643,1.8577894368148682,91.48965780430403,0.9111805137965259,17.85017512494818,4.823225221457101,0.05825137413060094,0.032214461396481,-0.014675994482779717,1.2872837989045745,0.14652975019359407,-0.005587382226325417,0.7723931507825468,STALL,,24.0,,0.0,nan,2.27,4.1,0.0,1.4,nan,0.0,,,
r091,85.2896007906303,-18.370547918620915,3.1210965345513237,2.3246941106616896,92.5657925223112,0.9641465496777853,17.45908256526819,4.084296240883721,0.05606490196429388,0.034888530228608716,-0.007871973292725163,1.0377959533059917,0.1493450025628535,-0.012173591664955222,0.7037733527323595,RUNAWAY,,143.5,,6.487,476.1,17.98,14.6,0.0,8.4,40.6,0.0,,,
r092,59.872277224679216,19.032146003699864,5.104518203224941,5.451073134451032,62.22587903225511,0.9131937171078109,17.765426547885152,5.374094531044669,0.05039790843064815,-0.005251348253465659,-0.00829038181410015,0.9085034619849851,0.14328139619763547,0.0025008643674736663,0.5018327403437842,STALL,,50.4,,0.001,207.8,5.58,8.4,0.0,4.5,nan,0.0,,,
r093,100.72598607887616,0.3812486622207025,2.3365017041418517,0.20603264006673014,88.97366648013659,0.9338748629945683,16.92060793091127,4.306922892168629,0.03511575383769927,0.050638602886810824,0.006190880318789751,1.1282605180237661,0.14391254984449517,-0.013066520895575596,0.7583357494264726,STALL,,1.2,,,nan,1.5,53.7,0.0,9.2,nan,0.0,,,
r094,62.73688684315849,-11.364342549611479,4.852326834068084,0.5132159106911565,84.08100042450833,0.9826659486642283,18.52866717470483,4.926303095314002,0.05557052148042939,0.023609335873903205,-0.0068639026895746785,0.9580422204957715,0.14791208833096636,0.0011626823656418657,0.33436083417968676,STALL,,9.2,,,nan,0.9,4.6,0.0,0.2,nan,0.0,,,
r095,81.68764647468439,4.3741480087360465,5.690236496595676,3.0140956547662414,89.97059605516087,0.9059229886266483,17.65930549103394,4.806370156027481,0.05434015278093211,0.0040805867833594665,0.022813560394768118,1.3105410478611508,0.1479418495822571,-0.002789965744205083,0.7993697265584849,STALL,,29.3,,0.001,nan,3.01,6.7,0.0,2.2,nan,0.0,,,
r096,109.22307977292185,11.30162159115423,5.527390159275258,3.1826398277521353,79.03026918574781,0.9613040029120201,19.772567655518255,4.80195111675976,0.05388517290975403,-4.627041034686429e-05,0.005729527932447229,0.8629618803409448,0.14684102884042696,-0.003614814564329499,0.5841739134346285,STALL,,33.6,,0.0,nan,3.29,21.8,0.0,2.5,nan,0.0,,,
r097,104.55274464709898,20.35859947180613,5.122602791535857,2.4467089308640277,87.40961393335537,0.9465204051398978,18.436790347818555,4.49078112639147,0.037685644197734916,0.009664380998364733,0.02041329744492134,0.9423092640531535,0.14514785669730468,-0.009588577940901476,0.4618857393724969,STALL,,33.0,,0.0,nan,2.54,5.8,0.0,1.8,nan,0.0,,,
r098,91.72266732188226,-24.032285886607657,4.489135686184067,5.679400600393009,65.2871651975069,0.9758690137533678,19.620284148132647,5.392307101620741,0.05629838042778394,0.05422729472852135,0.016114086434398857,0.8903208210472937,0.14845504312476893,0.0027093188081592067,0.5239308917397095,FALL,fall,15.7,3.77,5.661,2.7,7.21,65.3,9.8,19.8,nan,0.0,,,
r099,59.52403569369713,-5.90406613055373,5.799741889516247,4.615214948194559,86.8431305985327,0.9066329354245072,18.67350424060218,5.193044758757587,0.044596907366208166,0.016488916386710562,0.019900533185295784,0.9535002160384188,0.14440273135184287,0.0007402110579926499,0.4846390989381401,RUNAWAY,,93.6,,7.012,75.0,10.15,8.7,0.0,2.9,18.7,0.0,,,
r100,64.88825595099472,8.375996310728041,3.4919017694952457,5.834051426085085,80.2956505480101,0.9150347445671251,17.546415309953794,4.465785213352409,0.051897118987115104,0.018986618074508924,0.005000577459840103,1.438554862972059,0.14889248909932107,0.000939987853472055,0.6845813348368665,STALL,,47.1,,0.001,270.4,5.95,16.7,0.0,4.1,10.2,0.0,,,
r101,97.06239161763833,-21.267439400231247,4.4115315870148315,0.7248868590206322,78.16403929584814,0.9405325179507058,18.410488374113125,4.287867667483823,0.038462126119531974,-0.0009650887259032856,-0.0073606964867332664,1.4881589956340928,0.14349577959826837,-0.013892861484859891,0.6677409744347478,RUNAWAY,,155.1,,4.941,369.0,20.69,71.9,0.0,15.5,50.9,0.0,,,
r102,105.26905018037883,-16.691799650513897,2.719802371699127,3.3862013740544112,66.37708575607142,0.9771758964447902,19.81023870448772,3.6023781189437156,0.04190033187106087,0.04279760447515851,-0.003916291209947334,1.058835848263459,0.14876490646892704,0.0023161949453994555,0.43612088946839034,FALL,fall,7.1,3.1,,9.0,4.74,66.4,6.7,19.5,nan,0.0,,,
r103,84.6096865993447,11.931376921701556,5.357708067605108,4.752775964900656,83.01736296524685,0.9416096491130029,19.116001294666873,5.01923964306234,0.04106041987767185,0.008945046922004485,0.007263873711228424,1.5261369280868493,0.1447579008305128,-0.01003419941248784,0.5428016801609972,STALL,,42.2,,0.001,nan,4.8,6.0,0.0,3.9,nan,0.0,,,
r104,75.8573813501813,21.870960333625973,2.7599839863655693,1.1105913372656233,82.65141797279747,0.9458446137905191,18.5013104475233,4.070405361320256,0.05404199814530751,0.03543905475965613,-0.0031734156558220813,1.0123469810841916,0.14945704165834772,-0.002457220629576649,0.7648763475982292,STALL,,20.1,,0.0,nan,1.9,9.1,0.0,0.6,nan,0.0,,,
r105,102.83315675283197,14.696841978324912,2.9790726667912324,1.6880606657576105,85.86097217373252,0.9264894185034741,17.272090665450612,4.705764274457192,0.042566973123854795,0.028806549977388598,-0.011876633233689721,1.2127815402808237,0.1471124011307211,0.0005781059423949058,0.6510872279906976,FALL,saturation (fall),11.5,7.96,,nan,2.65,85.9,9.4,20.0,nan,0.0,,,
r106,106.15621987544392,21.589918378706443,4.153349937034772,5.111492982654299,90.63487351374391,0.9555739909959868,19.894624646538116,5.32015439341143,0.04011700222986249,0.007588892511628862,0.009988647743545673,1.3024193796432144,0.14666390183801448,-0.004043136181126476,0.5905501957952519,STALL,,48.4,,-0.001,217.3,6.09,90.6,2.3,20.2,nan,0.3,16.7,,
r107,58.88247893746649,-12.864410346281515,2.6261062438732092,3.840787329622045,61.49340568560799,0.9324802943217444,17.87428533061254,3.8443986115534785,0.03164021472223585,0.006201434982368496,-0.008992179143141061,1.330692055053088,0.14457526796491885,-0.005358936728407116,0.3520940713543064,RUNAWAY,,121.5,,7.736,nan,15.14,12.8,0.0,6.1,30.6,0.0,,,
r108,91.124072568288,14.342071485912875,5.552562863560543,2.074203346055746,95.41071722254031,0.9219487743688433,17.325736623450474,5.156724395703856,0.04947031461937923,0.01208085598679504,0.010154128418671644,1.0426215609420206,0.1461805056970768,-0.0079497440230097,0.7177180403989906,STALL,,28.3,,0.0,nan,2.18,4.0,0.0,1.6,nan,0.0,,,
r109,70.15073638458671,-1.7834626898867612,2.5269641967162757,2.7988952660636213,94.03945577192319,0.9707586556659541,19.45688245586851,4.320659623050183,0.048777151436471,0.03831419983448067,0.011470601137813487,1.3666660879945725,0.1477802444662365,-0.0002449244918988399,0.6328852173716147,RUNAWAY,,77.1,,3.855,nan,5.09,14.9,0.0,1.5,10.2,0.0,,,
r110,97.78986923008965,15.978704472414648,4.096215390615838,3.4601274988547526,60.21302567859742,0.9661380350592952,18.71933500851535,4.056794998416391,0.036433189406193944,0.03610441292036726,-0.016745680611150407,1.1332930191367678,0.1433351558601477,0.0029886087929545477,0.4516970748418738,STALL,,36.6,,0.0,nan,3.92,13.2,0.0,2.6,nan,0.0,,,
r111,79.54660016114573,-2.8420446790364764,3.302746009221515,4.90312738393265,98.89138649523963,0.9020404220986449,17.350153737619106,3.753753909852829,0.04042514476708541,-0.004506681445821538,0.003158762566469766,1.1979789574447839,0.1453645165603645,-0.013487456070398465,0.34876855830722203,RUNAWAY,,81.4,,6.227,nan,7.72,78.8,0.0,17.9,16.7,0.0,23.3,,
r112,81.4726934255114,14.995255059115706,5.929250926669571,5.318928534432207,64.78799758136782,0.9166094689771269,19.29156746063662,5.338428661175424,0.04851064782399639,0.025581418787514805,-0.0014136616932075852,1.4400440267706316,0.14491345111410806,-0.0026797589706260977,0.6856682366656789,STALL,,46.6,,0.0,nan,5.55,6.9,0.0,4.2,nan,0.0,,,
r113,98.80429019687816,-0.06698607952303703,4.256815520442938,2.289620047238082,96.03062662991326,0.9753075425123631,18.827484840326544,4.631622384932239,0.05797556104576451,0.0043715561400557695,-0.00040367951261737617,1.0518955236718028,0.14426012095359853,-0.008302646338853133,0.6764406994231554,PASS,,70.3,,2.368,nan,2.44,4.0,0.0,0.5,9.8,0.0,,,
r114,108.9268718058357,20.207605982992057,5.489090241729103,2.41386236324474,68.37742836286958,0.9216072804904357,19.231958497006346,4.95742352779791,0.03445361065023949,0.051069722930557074,0.02198662969075492,0.9793280555127528,0.1493801876014968,-0.01226971652247918,0.47551845918452884,FALL,nose strike,6.8,3.89,,nan,3.39,68.4,7.1,19.2,nan,0.2,6.6,,
r115,67.57875972464049,-22.52631983753452,5.512020356988398,3.0705579823893085,97.26315288892744,0.9816465815646087,19.21054510337677,3.9475515234219656,0.05773041074959684,0.023152262712447885,-0.01457508507612024,0.8822116956072379,0.14357802033639375,-0.004185908271696504,0.5182730890272433,RUNAWAY,,160.1,,8.05,291.7,21.59,17.6,0.0,10.4,53.7,0.0,,,
r116,79.10393491813991,15.317976440441527,5.741965658759694,2.002493578432999,78.54942612418145,0.9513171435435304,19.257399895979706,4.013966817831328,0.035245700430806645,0.015195716851448552,0.01720225878161765,1.394089311324493,0.1470167902334971,-0.008235706218180911,0.4315276515353522,STALL,,27.8,,0.0,nan,2.22,3.8,0.0,1.5,nan,0.0,,,
r117,63.416789724926346,-8.253330517420721,4.645702099669129,5.873432124447474,62.768525353411,0.9743946529919482,19.04909726411361,4.283876385569698,0.04661154445545915,0.04833514070711077,-0.015450487945877904,1.5070506906978156,0.14291668008133618,-0.010743495815890146,0.7772073303869754,RUNAWAY,,103.0,,8.567,nan,12.48,9.7,0.0,3.9,24.0,0.0,,,
r118,102.03436253512638,9.847603505835707,4.539089704573755,4.290529978915412,63.32100843755423,0.9755234181731497,19.321140904977078,5.086347142734464,0.05571291146524595,0.044597593833127516,-0.00864718862017559,1.3213256991516462,0.1480369351106514,-0.0064908863647361046,0.42425794568193476,FALL,nose strike,14.3,4.34,5.862,31.2,5.96,63.3,10.5,20.7,nan,0.4,13.0,,
r119,99.39310263977569,-4.125696864046038,3.81313879090665,3.664862766357385,96.74385113714865,0.9833443384354777,17.623079594863064,4.495197276939924,0.0532257331195873,0.027287987133352145,-0.01597019977622281,1.174817083773108,0.14810956254950994,-5.9109344156468846e-05,0.7166080694603556,FALL,fall,24.7,7.61,3.812,30.7,4.98,93.5,0.0,19.9,nan,0.0,,,
r120,109.91343098722245,23.795080932915752,5.587298783374499,1.0230545743167863,82.92642421914576,0.9179720755842379,19.305462434471167,5.080224379856295,0.03364410038346304,0.012249976293457528,0.015114540296497635,0.9862416647847133,0.14564188507835885,-0.0073600885454354345,0.4193666178426792,STALL,,22.6,,0.0,nan,1.24,16.8,0.0,0.8,nan,0.0,,,
r121,94.91799532872349,-15.794630303749173,4.810337623519317,0.7905860610197573,80.5861168874365,0.9398404588867189,17.084309598041308,3.7006797774497744,0.04623141840053135,-0.001337885432276184,-0.0098711813732082,1.0911430738803747,0.14405539782035978,-0.008354100691954316,0.6584459394515796,RUNAWAY,,133.2,,4.721,250.3,16.85,14.2,0.0,7.7,37.1,0.0,,,
r122,94.43105590728084,3.3342244066727993,4.33549737156267,5.1406878166010355,63.55574747915493,0.9287474820373348,19.06162592145078,3.6239285160475614,0.05352225731030258,0.04252896120330224,-0.0019235105180999326,1.4132014494491192,0.14930748161198612,-0.0015728539313341946,0.41495244515050966,FALL,nose strike,7.4,2.44,,4.6,6.51,63.6,9.7,19.7,nan,0.0,,,
r123,107.53045439000422,-20.07766388862879,3.895749406998937,4.58247879286338,66.08405242863802,0.9729084347039603,17.25814434464017,3.9768293066078986,0.04768666589804098,0.02842025327591566,0.0190338154732642,1.2642627712311774,0.14398207382890263,0.001969355238441701,0.4390281504500198,FALL,nose strike,9.5,3.08,,14.1,5.55,66.1,7.7,19.5,nan,0.0,,,
r124,55.297510949196244,1.5545888987170784,4.996559358779582,4.1918856037702295,70.85818990371001,0.9595962920287616,17.959117568529276,4.686653832237589,0.04565312489250695,0.031923815826265675,0.021667979993110743,1.4186297624304096,0.1449924702656282,-0.0102968885598993,0.555643903188779,STALL,,62.7,,1.044,nan,4.22,4.2,0.0,1.1,8.5,0.0,,,
r125,71.55952473449975,0.08784076513877892,2.665792853575951,0.44647244197684177,86.63136693213194,0.9409308524987265,19.674750758083018,4.50710020850577,0.03242129703977901,0.024363687938781204,-0.007543676714214147,1.4979916224134655,0.14217142309528422,-0.008479350604395374,0.6350899131196246,STALL,,6.7,,,nan,0.64,13.8,0.0,0.7,nan,0.0,,,
r126,90.03902879431385,10.596061121570727,5.244766118775962,3.5904899406092694,83.50242675954063,0.904242066100222,16.96905033098899,3.6743480580364922,0.049275025486280266,-0.004911284282606783,0.020201535824204524,1.0284814450398463,0.14343441627334766,0.001546762819213449,0.5027793889632397,STALL,,35.5,,0.001,nan,3.71,12.5,0.0,3.0,nan,0.0,,,
r127,90.32739100997902,-20.440844001516073,3.112770169649985,0.9778660242090269,84.4458273737848,0.9139349693942896,18.9342276167205,4.847093079298605,0.03986433513131288,0.014896675822206239,-0.008144857554805415,0.9069443243335439,0.14417220726563162,-0.0031421978706026917,0.5129962728790369,RUNAWAY,,151.8,,5.028,541.8,19.98,84.5,0.4,19.5,47.9,0.0,43.5,,
r128,86.59324342119498,18.5087658605173,3.0705440129475114,5.579829996044703,68.04697144184394,0.9618568584511843,19.590458393031533,3.8625947281873163,0.058151941485739794,-0.005313874273433062,-0.011550272815954714,1.5218039964715393,0.14829851230159538,-0.004652354325314679,0.3643359315975254,FALL,fall,13.5,3.41,,nan,6.85,68.0,11.4,19.8,nan,0.0,,,
r129,99.91208107159785,9.192552229024308,5.7112977350299605,4.969259001452061,88.77640968282633,0.9612347609119059,19.83707516051842,5.055869175017389,0.044435527320451855,0.02211926434607345,-0.0022648723696312243,1.2566134085364784,0.14325028104304088,-0.0002737066081510992,0.6720363029111815,STALL,,41.0,,0.001,2.0,5.82,88.8,0.6,18.6,nan,0.0,,,
r130,98.18090256597623,-4.5124113342358285,2.264292298364081,2.1416841527462,62.53994920067408,0.9506749086521985,19.141938671694184,4.5173732011384224,0.04402454063661647,0.008018696941504899,0.0091274744993983,1.0880154132065503,0.14230943307713048,-0.010872022186990373,0.604813632112622,RUNAWAY,,88.1,,4.907,268.7,8.35,62.5,32.0,20.3,20.2,4.1,7.5,,
r131,72.82721142036206,6.5565619643890685,2.926372482563308,3.6091430143516483,71.90789292522247,0.9023783678029001,18.23235018637534,4.387482068386359,0.03830889364449547,0.0060524128302727066,0.007735124960000932,1.455162436524812,0.14992619163392987,-0.0032403230996309006,0.5891072755879438,FALL,saturation (fall),15.3,5.26,3.663,18.7,4.64,71.9,17.5,19.8,nan,0.0,,,
r132,108.64200790722774,-10.959337158757323,2.235041063611326,5.221072540076733,85.56862653444763,0.9856652025049248,16.90700781820485,5.044662012434562,0.053004409166254186,0.01370364129296842,0.0010585962545617451,1.0702711025002896,0.14855188608496317,0.0020738510570735957,0.5957431924749388,FALL,fall,17.9,4.45,5.13,nan,6.06,85.6,12.6,19.9,nan,0.0,,,
r133,80.32557279798212,-15.413098956161106,4.72716646514411,1.618324151463058,65.70507610208296,0.9316592468811234,18.59108748132421,5.0646477099711165,0.040695511106160175,0.0036859184541607314,0.0013189147564713205,1.0813182053876853,0.14430769594315165,-0.003813247346386193,0.4995971727233587,RUNAWAY,,131.7,,5.784,251.1,16.6,14.0,0.0,7.5,35.7,0.0,,,
r134,95.68987497210344,24.02069150040743,2.9551497110123286,2.062579188101563,87.07888587018077,0.9210566472496926,17.404937353105232,3.671043157936731,0.03878364151817795,0.029942816842449104,-0.01377591220134941,1.4242382258772,0.1445276595820938,-0.005017142525029947,0.3873836754247095,STALL,,29.4,,0.0,nan,2.85,87.1,1.5,19.9,nan,0.5,21.0,,
r135,59.332175489985296,2.9124332189408086,5.720932893256524,1.5713122342211556,97.93710142218251,0.9562736036368321,19.035949380567587,4.779828303458918,0.03633559022731725,0.027513512710879737,0.014752906549357507,1.3891965693017145,0.14987038850961876,0.003341179393298024,0.644242259600094,STALL,,18.8,,0.0,nan,1.94,3.6,0.0,1.1,nan,0.0,,,
r136,65.8179099057643,-6.907861870200097,2.6590173235940915,0.11625079226516319,92.12175760702162,0.9846033319531006,17.96636602473,5.001781976926954,0.03740531876763225,0.0328955987474176,0.004387988564681141,1.141834609351739,0.14476301834785993,-0.0027441865845836307,0.690180895099927,STALL,,0.4,,,nan,1.91,10.6,0.0,0.5,nan,0.0,,,
r137,107.01134918144528,19.890619638566704,5.424161460773778,5.482887705907736,93.04170156959327,0.950473940766758,18.793490363734293,5.012059290052423,0.0367989492145943,0.03859308024428852,0.021553017188311374,1.1132489756191022,0.14569721773956162,0.0006818411415173958,0.508527454941955,FALL,fall,20.9,4.85,5.458,18.5,6.4,93.0,4.5,19.9,nan,0.0,,,
r138,107.35635090762227,-24.773537503408757,5.829564152661018,2.7739552009938206,94.46371622629184,0.9577228648807334,19.171608347546385,4.582876115980818,0.03282571476852385,0.025292459894715173,-0.005253725686170309,1.136628487699728,0.14267260802238535,-0.001195899730962617,0.6981223590745207,RUNAWAY,,169.1,,7.998,298.4,23.23,94.5,0.2,19.8,61.5,0.3,41.5,,
r139,88.64327859551454,-5.284605167776512,5.398417705064643,4.138673500344398,95.11219758602263,0.947372884432459,17.057122697516668,4.403655741880321,0.047861491507549966,0.05004627834696869,0.0187143541910803,0.9764300593991431,0.1450503221085573,0.0028122795718264187,0.4048481512797149,RUNAWAY,,91.1,,6.367,72.0,9.29,21.8,0.0,2.8,17.6,0.0,,,
r140,70.64047133039668,18.230419214761746,4.905069593652771,3.4167719857528827,75.04372827589017,0.9070186537687566,19.783223895997004,4.945235334799108,0.034150764490453595,0.039120152596692714,0.011752507610177376,0.9819412510139855,0.14742427962106733,-0.00491058021435122,0.39702780847781516,STALL,,36.9,,0.001,nan,3.94,6.0,0.0,2.3,nan,0.0,,,
r141,96.64015707976137,14.233764429192846,5.024547685451653,4.933381386679435,79.98337658451206,0.9061229617312548,18.988916786502365,4.25335540266026,0.05717188791769719,0.018423365328598305,0.02089282787182227,1.234004982266896,0.14369971891123126,-0.012883522325795496,0.6201748177803255,STALL,,44.1,,0.001,28.8,6.47,80.0,5.6,18.4,nan,0.5,12.1,,
r142,80.0475623766543,19.647454840021624,4.359712814118647,4.66281029806554,93.20886058412366,0.9199639167760538,19.48486100005508,4.045121372388362,0.041281115428208365,0.04353371515298535,-0.00954848497949071,0.9351394325899967,0.145000036805493,0.0032656521316341124,0.6815235798258047,FALL,fall,33.7,8.64,4.308,33.8,5.15,85.2,0.0,19.9,nan,0.0,,,
r143,56.07987143064861,-3.874424928534264,2.5980886033444133,1.9545508755008645,77.77527236926059,0.9633444933771915,17.493215063327987,4.721159296312763,0.04089749431930273,0.0006696318548675088,-0.002444268826717763,0.998237040059964,0.1497769251033635,0.0017280861437650123,0.7499628689577928,RUNAWAY,,85.5,,4.285,176.2,7.17,5.9,0.0,2.0,12.5,0.0,,,
r144,77.7211361750217,4.759403791409266,4.170644923944383,5.88307221384653,95.99598277891127,0.945150549025915,19.12134116588483,4.521493678494868,0.039292085760276985,0.04088794817196485,0.004703401194068469,1.5143703811449658,0.14923982954377496,0.0031681250170843642,0.7938095153175495,FALL,fall,25.2,5.39,5.512,nan,6.56,89.4,0.0,19.9,nan,0.0,,,
r145,100.95709521061477,-14.974389672154981,2.9012204389011793,3.3407163175749783,60.12304804997887,0.9095503596776159,19.531103715245507,3.720795793451447,0.056463853324905264,0.03792165815541143,-0.012414967580223629,1.225983212874337,0.14576210053580202,-0.00926688955763299,0.6797236033606667,FALL,nose strike,6.6,2.99,,20.5,3.92,60.1,5.0,18.7,nan,0.0,,,
r146,72.08112289401276,-7.86901915128135,5.192093374164177,1.7764378896679627,62.842378923455605,0.946718486344002,19.550228834627852,3.9897958540424905,0.052149307575618274,0.02057566562101924,-0.01128265858341264,1.3069929728777507,0.14292687781744814,-0.0008212661141200825,0.4420308266930315,RUNAWAY,,101.5,,5.035,111.0,10.96,9.0,0.0,4.2,20.0,0.0,,,
r147,81.25313164132018,22.714002076152788,4.465031563751534,2.342058146260777,91.96195089354435,0.9030473060001015,17.692545975219144,4.9198847567819195,0.04240267367807609,0.006948801198100154,-0.0002932010933998849,0.8851377351996632,0.14236071569410572,-0.00441560410761827,0.328678843497165,STALL,,33.2,,0.0,nan,2.47,5.8,0.0,1.7,nan,0.0,,,
r148,99.5753244655645,16.108158640177933,3.4242802095180997,2.872064392270727,67.28826683886103,0.9810562504413131,19.082740217150864,4.868440558561764,0.05162107059292524,0.0465469492206626,-0.010992239199355732,1.2540225172238797,0.1422212594840135,-0.0009207983173949389,0.6886050209909805,FALL,saturation (nose strike),30.1,12.74,2.442,23.7,4.24,67.3,24.2,21.3,nan,3.0,20.2,,
r149,73.87373185285576,23.250932340571595,4.718642860733453,2.2188352688016924,92.94248972607674,0.9100423736836691,19.8092496910326,3.986871670518763,0.046402251677975334,0.003347246456339239,0.00044422810685901953,1.0951671410150998,0.14549065850361753,-0.009968873930347882,0.47290412796937964,STALL,,32.6,,0.0,nan,2.27,3.8,0.0,1.6,nan,0.0,,,
r150,83.7695055425511,-15.696924223451207,2.112388464844346,5.750621651434262,72.26453304779051,0.9170467862186267,17.511032528199024,4.773440514001961,0.032678058130431405,0.018151635067803824,0.005543732279770654,0.9162214623870065,0.1425218957180097,-0.008033705806611797,0.37838617392528334,RUNAWAY,,132.8,,9.9,nan,17.85,72.3,4.7,18.6,40.5,0.1,18.7,,
r151,64.08382237087,3.1899926045549414,3.0488807904995383,1.6772229743421763,86.04429029397963,0.9460304510361013,19.02684862789149,3.708403053791179,0.04916721445013418,0.010828946186745791,-0.008512223803846876,0.8386093816614727,0.1486837389014726,0.0012369223576744106,0.5579784166891449,STALL,,20.4,,0.0,nan,1.79,3.0,0.0,1.3,nan,0.0,,,
r152,103.34704126478636,-12.710395502867556,3.1412531771717136,1.6461110082388402,81.19084763524077,0.973776875459952,17.832027045599293,4.199710086399341,0.049323020680769464,0.0066219985716020995,0.010585141129522718,1.1955992873999783,0.14432315484664743,-0.010453523966314755,0.7371142689596295,RUNAWAY,,120.9,,5.539,366.5,14.65,81.2,1.8,18.4,30.7,0.1,35.4,,
r153,66.49136855925836,0.7998940837888497,5.98743242797206,0.22938163107510073,94.21514943213059,0.95707196630139,19.74258169921824,5.102581639954927,0.04478393152604487,0.045971248174161164,0.01572303737182889,1.4849428389977062,0.1434668562738535,-0.00871450970264767,0.38400850817798304,STALL,,0.9,,,nan,2.19,5.8,0.0,0.8,nan,0.0,,,
r154,106.95170977386921,7.821384016050864,4.317279662995223,0.9156783873457408,66.41161780284799,0.9441226649608869,19.555532738009706,4.265575598478682,0.03716126368162197,-0.002466253481320176,0.008452783153391548,1.2203245841681343,0.14704499347238414,0.0003274238253339959,0.6648406056783711,STALL,,18.9,,0.0,nan,1.06,21.3,0.0,1.1,nan,0.0,,,
r155,86.80933432785308,5.40232084414037,2.766053525652494,3.160737041774035,75.55655618111686,0.9161229360989062,19.34002908925552,3.7411797484076867,0.04701522832767839,0.03779469341087899,0.017449018697610154,1.3159653701114966,0.14415833278234083,-0.011537361950359473,0.6160258855438128,STALL,,28.8,,-0.0,232.5,4.57,75.6,4.4,18.8,nan,0.7,10.7,,
r156,62.065537113892184,4.209101388692687,5.166455885461376,1.5448492852671687,73.9551007026401,0.9849842050897131,18.359877001554093,5.259371142442598,0.0358043595849513,0.05236040426944813,-0.012141693774840734,1.0501276570473654,0.14378010148050216,-0.005747523496503341,0.6317542733021964,STALL,,18.4,,0.0,nan,2.31,5.7,0.0,1.0,nan,0.0,,,
r157,92.72002895497462,-4.445276290643019,3.2921371213362285,3.519637558545045,78.86229521412423,0.9123619140297761,17.318197042248627,4.725748980862779,0.04164567287459097,0.023423312684925222,0.010243420387358912,1.1059568250688696,0.14597223270057427,-0.013622337086642568,0.3920828754650732,RUNAWAY,,87.8,,5.605,26.2,8.35,78.9,7.3,18.7,18.5,1.5,11.1,,
r158,104.23156942384418,-0.35013303155463404,5.40504281357241,4.325162000319541,76.47481183996504,0.9552631904989453,19.436961855128416,4.378157172276177,0.04774347232769597,0.03580502188348854,-0.010693677515058186,1.1175691493179596,0.14531616595603933,-0.007706866966731086,0.62253219320089,PASS,,71.4,,4.446,6.8,5.77,76.5,29.8,19.8,25.8,2.1,34.0,,
r159,82.51802986691507,-17.117514846713327,2.0111386952561916,3.3148598101541484,64.93758536965457,0.9799485875875769,19.57111642827998,4.433895128825964,0.05295527585813467,0.024057198051768484,-0.006583078637696168,1.026486519999676,0.14739133133282134,-0.005110951914088916,0.5808071348588502,FALL,saturation (fall),18.0,6.47,3.282,nan,4.43,64.9,8.7,19.8,nan,0.1,17.2,,
r160,87.1652268685441,-1.1387839483809614,2.7953736506764435,2.56983472524884,72.9199590270848,0.9683370185480398,17.820932082828374,4.191503620583451,0.05713918080297688,0.047102022632315055,-0.007684318165627948,1.170463375499038,0.14393387730968332,-0.004774089819938616,0.6185905744793831,RUNAWAY,,74.6,,3.316,78.6,4.99,72.9,24.4,19.5,23.0,1.6,33.7,,
r161,55.1775733755289,2.3951051309139437,3.665733475533089,1.517559453601618,99.5296956775428,0.9790228118341179,17.532373532544838,4.541955157308489,0.05620009959259757,0.014594188480424004,0.013285793630360854,1.4061615848085087,0.1443834341408986,-0.01281254054675177,0.3148215086100614,STALL,,19.0,,0.0,nan,1.74,2.1,0.0,1.2,nan,0.0,,,
r162,105.5853993332857,16.703529630893122,4.5894550174158955,1.3721346837911494,75.88706650068796,0.9687321808808842,17.23824914665211,4.696080428375649,0.04212449196497155,0.028959960693358173,0.006575766863027584,1.3976484148320365,0.1446251912819407,-0.0029099911170760925,0.7571762221419838,STALL,,23.4,,0.0,nan,1.73,7.3,0.0,1.0,nan,0.0,,,
r163,87.54608069868982,-16.195627985830384,4.371525346732685,3.940079107900468,71.39604865668461,0.9299417714825906,17.476503754585337,4.528014096605689,0.04671586455153384,0.01584156965446217,-0.010021850624054314,1.1599273809974444,0.1488374685539066,-0.011978977484049039,0.34521127060687196,RUNAWAY,,134.8,,8.021,288.3,16.97,71.4,5.6,19.7,37.8,0.3,34.2,,
r164,76.38268593358188,-17.625691462280145,4.887266627828906,3.8700028812168004,97.02959759050093,0.9645909072466545,17.3653498101264,4.000659391329751,0.05583405208912519,0.05402244835725917,-0.0029405695210792428,0.8327545226444929,0.1497585719337715,-0.003962586343494943,0.7923886477925399,RUNAWAY,,140.5,,7.92,260.4,17.62,14.1,0.0,7.9,38.9,0.0,,,
r165,103.69298471547447,13.274480140286535,5.0444723674910925,1.7163797857112875,99.72634770244444,0.9111049794599593,18.868651419786474,4.909064966548749,0.04685089248062272,0.04537832312649205,0.018838160133550247,0.9263465820999173,0.14982926448322978,-0.0075233970182102825,0.31906725952229537,STALL,,23.5,,-0.0,nan,2.4,92.5,0.0,11.0,nan,0.0,,,
r166,68.52070642053806,-19.62169061123282,3.36228803734035,0.008690861243134248,81.24122247580172,0.9578713226408007,17.18729420580174,5.026510312626838,0.04058053050711698,0.043289154519012316,-0.012315603344890099,1.5058864053712324,0.1499662892625339,-0.013368540889105149,0.7251798339351885,STALL,,-0.0,,,nan,3.55,7.6,0.0,0.4,nan,0.0,,,
r167,95.2262116670898,-22.302248035669933,2.6913096758418344,3.5565931460103117,73.26697176207978,0.9189135900321044,17.15767836547355,4.11719363533647,0.05847867440007685,0.028162165474030162,0.006701265634944879,1.2793164888417845,0.14542381359874917,-0.013804113878982938,0.5317253056220691,RUNAWAY,,159.2,,8.519,8.2,21.33,73.3,19.5,19.2,54.1,1.9,8.8,,
r168,91.4513375192177,-11.750360277337075,5.278748584357418,1.8116835454604279,96.45950480755657,0.90279631709769,18.39979714759625,4.4424421066811455,0.036576661867966556,0.016089297699086853,0.0001421956650487985,0.9891108832448172,0.1475632353186088,-0.00677196658790962,0.4596384065750809,RUNAWAY,,117.0,,5.453,158.0,13.62,16.2,0.0,5.8,27.2,0.0,,,
r169,78.528287442025,22.118923263521445,4.760375324050148,4.999730156407283,65.16502665892949,0.939251568605653,18.25870400485222,3.924959465118058,0.05678327326684174,0.03163735681554017,-0.009005854983856454,1.5027555648569284,0.1456172359506445,-0.007023326989977385,0.613147138208016,STALL,,48.5,,0.001,213.9,6.21,65.2,6.8,19.8,nan,0.3,24.3,,
r170,100.51222127438443,22.824150850174938,3.8573132692374026,0.03671828755746199,93.71598811468802,0.9087558076044828,17.181679730813002,4.734095827092795,0.052715054472090746,0.02101839308195853,-0.004221003886261308,1.1564722814293644,0.1463103432526475,-0.009127240794090136,0.44580665389308954,STALL,,0.1,,,nan,1.28,8.7,0.0,0.4,nan,0.0,,,
r171,80.69172748577382,17.894875895479295,4.439249462204861,5.804040518538873,87.86615862271347,0.9829361023778442,16.995779895513877,4.233930168528199,0.045016789860722974,0.014078722680643224,0.0034793799536489423,0.8435778263538726,0.1424328254503993,-0.01057484570321137,0.5331942317249234,STALL,,51.2,,0.001,236.3,6.05,23.8,0.0,4.7,nan,0.0,,,
r172,90.63331891909326,-21.157061986297336,2.170846530029683,0.8100673843361963,87.30711665915582,0.9196720026161946,18.207713307549163,5.108297140198073,0.0431306675625092,0.03346577374894806,0.022709816082817767,1.349875437092396,0.1476544367789318,-0.001022531173750679,0.7517562684938836,FALL,fall,9.2,13.76,,nan,1.56,87.3,5.6,19.9,nan,0.0,,,
r173,58.290832158731654,-14.72074940272011,4.879357669168957,0.8605890119346925,67.4922478166781,0.9443840878657466,18.12003496694011,5.349817622969876,0.04836367967362153,0.024860581311468784,0.00151622793570267,1.2163948100003492,0.1486513284218247,-0.01247726901148505,0.71179569792744,RUNAWAY,,128.9,,3.927,216.7,15.45,12.9,0.0,7.1,31.2,0.0,,,
r174,58.425971879133684,-24.368875356992376,5.09409564873035,5.065960762952735,79.50882755751046,0.9116837445850615,18.60543732916455,4.450632557097391,0.03775978228760912,0.044317942926821646,-0.0012241784812663387,0.8234672225756342,0.14734896789753446,-0.0025210113763560298,0.7694358730766037,RUNAWAY,,167.5,,9.983,340.7,22.45,19.0,0.0,10.7,57.0,0.0,,,
r175,105.83030464099457,18.44978392275147,4.950904504160587,4.8857597286290675,65.44750828137603,0.9173570749765148,17.521191322823938,4.836607995224629,0.03184653953882276,0.0024382364355032098,0.0112211117510767,0.9477389083714544,0.14951639547107284,-0.013262450227304079,0.7023026028285271,FALL,nose strike,6.1,2.26,,9.1,5.4,65.5,5.9,18.7,nan,0.0,,,
r176,107.81536479038377,-3.277218178156719,4.7892735003579,0.656240501972539,88.47481250172663,0.9241275793509479,18.26515276695146,4.561314792061731,0.05122984751905124,0.049625235670765086,0.014163146211679117,0.9719048957506763,0.14263312195833414,-0.011615895778904744,0.5779545706214724,RUNAWAY,,83.1,,2.851,50.3,7.2,88.5,1.4,18.1,23.7,0.4,45.7,,
r177,108.18103649573827,16.494527796925105,3.4093279801386736,5.075883959698244,70.09168355599647,0.9718416430302139,18.01833250731698,4.417291443485465,0.03702105602672893,0.016657426025476468,0.007852516420017972,0.8354925005910315,0.14722748387146573,-0.011049942063081884,0.3417706198293886,FALL,saturation (nose strike),44.9,11.53,3.928,110.0,6.75,70.1,44.8,20.5,nan,6.2,11.5,,
r178,101.35413652200165,-0.9080688442853599,2.2536399345414826,2.6094426386589014,95.61663890704378,0.9628231587965816,18.737674368147456,4.3573595434103165,0.03230892028477604,0.0016540449238301195,0.0062215000214868935,0.854022499978249,0.14953468429542888,0.0016220899535439523,0.3891142574732832,FALL,fall,10.0,4.85,,27.2,3.43,90.3,0.0,20.0,nan,0.0,,,
r179,57.92058815280511,-11.68708370560462,4.544690107375519,3.2565411016661376,89.40286879050316,0.9255891549455624,19.400220838878035,3.614614144347432,0.03386449111871462,0.02274407268537332,-0.01620396836261986,1.4695416494787623,0.14553275884600128,-0.008818650701557997,0.6006565527057925,RUNAWAY,,116.8,,6.873,206.9,13.95,11.6,0.0,5.7,26.9,0.0,,,
r180,71.0187550434813,4.527705193386577,4.514308022490072,1.4155673937144866,74.5187271470651,0.9269888700013004,18.880418793268912,4.639709094182799,0.039458248455604986,0.024498665787509102,0.0006694596738948747,1.100998625189137,0.14423000264351446,-0.00519040579268929,0.3824382712038148,STALL,,19.1,,0.0,nan,1.76,3.1,0.0,1.1,nan,0.0,,,
r181,108.45980502870881,-8.140942020675148,3.7098197947405493,5.402731621873648,69.24141399649126,0.9259279892416311,19.478329864997157,3.7985041924156344,0.03500596534443947,0.010477775473231494,-0.0036504308672332918,1.2501380002393327,0.14510631208164887,-0.01035763713007416,0.43369240056292147,RUNAWAY,,102.6,,8.224,nan,12.28,69.2,15.2,20.0,25.9,1.1,11.2,,
r182,97.61042669640231,12.701756790061765,3.253493244370764,0.5421292703144689,84.76043631196589,0.9720161084997277,18.16692663643083,4.644792665870847,0.04887121344777737,0.033845742446023355,-0.00452731570196431,1.1910012984281386,0.1452406246368602,-0.01260834846216829,0.30237206868923056,STALL,,11.0,,,nan,0.83,11.0,0.0,0.5,nan,0.0,,,
r183,100.27843395735329,-9.69133880309387,5.218817235008245,3.499109020079695,81.80501181158357,0.9387835392936259,18.24041465241276,4.102326895686969,0.04731429589190282,0.041902584939591356,-0.016141864476699085,0.8464444615729687,0.14942032421043988,-0.008947187555697834,0.36992943448275917,RUNAWAY,,108.8,,6.579,134.3,12.23,81.8,6.0,20.0,24.5,1.5,23.3,,
r184,67.81086571831338,-16.287608375483433,2.4246690736358407,0.2588576383663861,96.24464070484268,0.9533605382832667,19.349335121928537,4.551443258671171,0.04846411686936757,0.017705501540942206,0.008308664213043715,1.3850376517004184,0.14287911733610145,0.001341384097963522,0.45475012023959654,STALL,,3.1,,,nan,1.19,15.5,0.0,0.8,nan,0.0,,,
r185,69.59295714539296,24.42793425445467,5.14806451036922,4.103602734459138,70.32597357402713,0.9491960329510268,19.867746668379308,4.654420380510241,0.05339462801887245,0.0014718758400445583,-0.001153410658211916,1.4013067587175698,0.14321174574187112,0.0019080408520961902,0.3111487133999502,STALL,,45.3,,0.001,nan,4.21,6.6,0.0,3.1,nan,0.0,,,
r186,68.76434847085187,12.050235705131513,3.3455032025795046,5.59975844633808,69.82639950249582,0.9501118667031367,17.023975332996123,5.135281210142779,0.055245853485023824,0.01273754109973953,0.0018488848299585206,1.4520955755875065,0.14283851034166864,2.2096164784865535e-05,0.5856994419753687,STALL,,46.8,,0.001,274.9,5.85,20.0,0.0,4.6,nan,0.0,,,
r187,82.00813457315382,6.157937884784825,2.4810535282943427,1.005582108192068,74.08414175691951,0.9493548118731315,17.114500910126633,5.372042271154758,0.035940371634198005,0.031413018799316905,0.022410172419262596,1.022996828549594,0.1457523784448627,-0.013936219007837758,0.6489644048483885,STALL,,17.2,,0.0,nan,1.31,9.8,0.0,0.8,nan,0.0,,,
r188,55.587901263358376,24.70492304569838,2.872441794143657,3.904884649374159,71.0596549727686,0.9449511060591297,18.638358244298765,4.171708833095698,0.04988437377628606,0.030281534039535696,0.018542922712018836,1.4623567930993322,0.1477020670243033,-0.004453878659638083,0.4711238395823816,STALL,,42.7,,0.001,272.2,4.95,5.1,0.0,2.6,nan,0.0,,,
r189,66.82053123055016,-9.016782408469757,3.1725704003001507,2.9920342154113726,92.25370615512506,0.9536454233074688,18.512046954097933,4.163411287119712,0.033707752626903675,0.034186654939164327,0.003984271140507898,1.4599775008045413,0.14916644744928,0.0011066414863225814,0.3036705039546114,RUNAWAY,,106.1,,6.039,264.4,11.56,9.1,0.0,4.4,21.0,0.0,,,
r190,75.90075546559073,-10.459446309075854,3.579988217002824,0.6001218233752578,96.84698197563273,0.9362529598262919,18.32572283249181,4.245092834232705,0.05373227589537252,0.014337878678270067,0.012000987827433203,0.8561171232355836,0.1458195612132525,-0.011186851057162307,0.6731102033592549,RUNAWAY,,111.9,,3.64,254.6,12.69,10.7,0.0,5.3,24.2,0.0,,,
r191,69.12560697052464,2.205503798413954,5.072020538074764,3.049809168978677,70.59518846120214,0.9072877149456167,19.72182591983868,3.8387653230957772,0.03558241147409079,0.03735595714527598,-0.014142331338808314,1.1998948917718248,0.14851813178420684,-0.000110042558414793,0.7821056326885056,STALL,,32.4,,0.0,nan,3.17,5.8,0.0,1.4,9.4,0.0,,,
r192,64.91606617364654,-8.556037728042067,2.507922129252176,3.814959319219054,76.66393306431453,0.9230764249194439,17.436306695312606,4.399913752550908,0.034718763553336085,0.021948892810880815,0.005373961618036764,1.0021835252687168,0.14912001252449897,0.0022363504562435913,0.4943268102330932,RUNAWAY,,104.2,,6.726,nan,11.53,9.6,0.0,4.1,21.3,0.0,,,
r193,74.15100290353736,-18.689069589839605,4.038023174386774,1.7447643750148236,81.42357506270632,0.9704623590851229,19.844884757031657,5.123297691434115,0.055058506018193606,0.05185818311276254,0.013120192221726903,1.242131281300706,0.14557406420375615,-0.012022875630927113,0.7296632739946997,RUNAWAY,,144.8,,5.616,357.6,18.48,14.7,0.0,8.9,41.3,0.0,,,
r194,74.81279663057059,-6.176354647332964,2.0803076864238887,1.3471827594696606,76.38304735924473,0.9523785906569247,17.774567579567144,4.970031067010897,0.03820236637267188,0.051291984146080785,0.011825714472935896,1.2394330089777426,0.14837389343206747,-0.006396139776838718,0.3213288470647963,RUNAWAY,,94.7,,3.96,330.7,8.96,6.9,0.0,3.3,15.4,0.0,,,
r195,99.01881264977396,-23.760728991936936,2.8060541393848712,2.0378180639619172,87.63167009938226,0.9158340699932978,18.91442876551079,4.473907817296668,0.04749142790961472,0.020159610108807374,-0.016951920930165506,0.9023401866993876,0.14483229508505682,0.00145409064067528,0.4627316593291027,FALL,fall,26.0,13.73,2.103,15.4,3.24,87.6,4.0,20.0,nan,0.0,,,
r196,101.49698418904224,8.590504014490087,3.935038580944285,5.721608562431294,74.94733969454431,0.9231796393990936,17.889590813200826,5.26899965652078,0.041194105324697854,0.053213775964568666,-0.010558510479593393,1.0192454200504908,0.14492192392687628,-0.003123460078282755,0.3396557723488141,STALL,,45.7,,-0.001,256.8,7.24,75.0,7.6,20.8,nan,0.8,14.1,,
r197,102.9247409111083,21.32224402631261,2.0432297402704336,2.2568583982485535,90.53176473622923,0.9237222666721692,17.732286707279787,5.168939567944463,0.05091184388131518,0.0349361045480609,-0.0007932304837558815,0.8726057593466627,0.1426899211880707,-0.006947104879587483,0.5601731280040215,STALL,,29.3,,-0.002,235.0,3.2,90.5,1.3,19.2,nan,1.3,7.4,,
r198,106.58349846869908,0.6800027798011818,2.7272247195035892,2.8340812911725553,69.5435310605434,0.9674855184281743,18.818438190273767,4.459498295383823,0.034848572113352405,0.041719160031165145,0.01582571917626374,0.9665701558590333,0.14587631061666978,-0.01372199317493998,0.5103862900237001,FALL,nose strike,9.8,4.53,,48.7,3.95,69.5,6.2,18.3,nan,0.3,9.5,,
r199,83.27149836984849,13.783226502614987,4.83698127273116,0.3103859478322199,80.75467093867448,0.9146846404467085,18.696917821846153,4.060571869594282,0.05220429731170595,0.05293067614093047,-0.01577458194914098,0.8496573049442404,0.14375049931582556,-0.009730791382531436,0.5748603003250625,STALL,,1.8,,,nan,2.87,6.6,0.0,0.7,nan,0.0,,,
