run,rider_kg,grade_pct,v_target,v_start,amps,kt_scale,status,cause,reached_m,t_event_s,v_mean,overshoot_pct,peak_amps,sat_pct,peak_pitch_deg,wh_per_km
r000,61.14103328482227,-22.0,2.5479196494889624,1.1800910081358533,49.79626441140483,0.9159311034907789,PASS,,88.0,,2.524,2.0,33.7,0.0,4.7,nan
r001,56.26110568814017,-2.0,3.3594684870488276,4.033942163728619,31.23092183295736,0.9765507808685926,PASS,,88.0,,3.366,0.0,6.3,0.0,3.9,4.9
r002,94.36518609992513,-11.5,4.065927500660907,2.8742268490420493,40.63833423183493,1.0763452844776615,PASS,,88.0,,4.028,0.8,21.5,0.0,4.9,-15.2
r003,83.20691176407433,-13.0,2.630665949088887,0.0040053525129426955,35.819620848960604,0.9335223154361352,PASS,,88.0,,2.589,0.0,26.2,0.0,5.1,-13.0
r004,96.93320097366606,-16.5,5.996135084473646,2.1976211165133344,32.81826799838879,0.8508489373058653,FALL,saturation (tail strike),15.4,5.25,4.044,nan,32.8,9.8,10.8,nan
r005,69.09033301778759,9.5,5.046584003506112,1.8322014409115646,56.040971410226035,0.9848469754783623,PASS,,88.0,,4.96,0.2,29.1,0.0,4.8,38.6
r006,71.51621678512095,14.0,4.86281008548649,1.7345564586400601,58.833599268320086,0.8720619347714194,PASS,,88.0,,4.444,nan,37.4,0.0,5.2,58.2
r007,99.26455294797981,-18.5,4.963522618389971,4.341720679471027,50.53363524659312,1.031730003867258,FALL,tail strike,24.8,5.77,4.926,2.6,50.5,8.6,8.0,nan
r008,82.07654416621253,3.0,4.2183889396509695,0.20689794363788516,56.56482819927746,1.1497743068018662,PASS,,88.0,,4.184,0.0,16.9,0.0,4.8,20.2
r009,67.65083424548212,-18.5,5.806186541815637,4.087916182557646,48.02500442633343,0.8740586325034255,PASS,,88.0,,5.623,1.4,32.3,0.0,4.3,-17.6
r010,74.75811242707803,-8.0,2.3411516823497975,4.868476507494281,46.38324008730862,0.9212985701214109,PASS,,88.0,,2.391,0.1,24.3,0.0,5.4,-6.8
r011,85.25513458282161,5.5,3.7764030088438467,5.49858658699061,52.15677740816608,0.9662303878316463,PASS,,88.0,,3.83,0.0,15.4,0.0,5.2,29.3
r012,93.2663156284774,-16.0,5.381522178829178,0.31516484517819887,39.2906389792513,0.9018621692705413,FALL,saturation (tail strike),19.1,9.03,3.373,nan,39.3,9.4,9.4,nan
r013,107.46238398645949,7.0,4.7729989249002065,3.6570877145250815,34.91102157619953,1.1203039664492107,PASS,,88.0,,4.792,2.1,23.4,0.0,5.2,41.1
r014,59.492949043775205,-20.5,3.111320495252522,1.9700581783257785,44.04123016388975,0.9273651311082578,PASS,,88.0,,3.085,3.0,30.3,0.0,4.5,nan
r015,89.21045671172364,-10.5,5.491335486153105,5.049366933242139,59.5360956520488,0.9444998102384929,PASS,,88.0,,5.45,1.3,20.2,0.0,3.0,-11.2
r016,109.32596236356908,15.5,5.680203657799728,1.6245828798394777,30.622980505058994,1.0529979866387746,FALL,saturation (nose strike),16.2,6.78,2.562,nan,30.6,11.2,10.4,nan
r017,91.91483158875307,-24.5,5.587769136664954,5.606528067211318,47.18959750972904,1.106774129323045,FALL,tail strike,28.1,5.69,5.628,19.6,47.2,6.0,4.7,nan
r018,73.75461110454597,-7.0,3.952330415297518,2.4557585929161627,55.04057422298298,1.1309879759057315,PASS,,88.0,,3.943,1.2,13.6,0.0,4.8,-4.8
r019,79.39493505262256,-5.0,2.2915635435100734,1.2809282488421152,45.10336211576245,0.8866064277015192,PASS,,88.0,,2.283,1.5,19.0,0.0,5.1,-2.8
r020,79.87580645696168,-0.5,2.804665223795389,3.182258666945714,32.07027997199263,1.0957071964124334,PASS,,88.0,,2.809,0.0,4.4,0.0,2.3,8.0
r021,105.24407275439268,-10.0,3.8030288833931603,5.887111438742515,38.994711644061454,0.893717353521713,PASS,,88.0,,4.677,nan,36.9,0.0,6.9,-13.5
r022,103.82318682491297,0.5,5.702021557335614,0.7994778424923622,51.11099111157155,1.0657080232939697,PASS,,88.0,,5.345,0.0,19.3,0.0,5.2,21.6
r023,107.0730916429527,-4.5,3.4252768677952456,3.0686138547207324,34.2845067570461,1.0278079058203733,PASS,,88.0,,3.412,2.1,13.1,0.0,2.6,-2.9
r024,66.49673808114447,5.0,3.524856977320898,3.762229719045386,53.86899255022503,0.9538727000698484,PASS,,88.0,,3.537,0.0,11.8,0.0,1.4,23.0
r025,65.44750309240992,9.0,3.618750333435597,1.0129098204550508,40.44042895874727,1.012611075180525,PASS,,88.0,,3.618,0.5,20.6,0.0,4.8,34.0
r026,56.456471008225066,1.0,2.7567055818385393,5.786858186164389,54.092536060708184,1.140517622944852,PASS,,88.0,,2.93,0.0,5.8,0.0,4.7,8.6
r027,100.90799372652725,11.0,2.1038985841033044,2.7449540809335753,33.06885743486371,1.0472623337706415,PASS,,88.0,,2.122,2.0,26.0,0.0,4.2,63.5
r028,76.06917497610503,-2.5,5.259038786783485,3.4616319858526503,41.9909036863849,0.9562573054217405,PASS,,88.0,,5.24,0.8,18.1,0.0,5.0,6.4
r029,95.08152462747188,16.0,5.1166011153047215,2.3644771427102222,36.83756736382619,1.1031739373436684,PASS,,88.0,,3.626,nan,34.7,0.0,5.5,76.5
r030,64.37246489275122,-6.0,2.967787370856731,2.5696618482436984,48.88260566935267,1.0687437797182648,PASS,,88.0,,2.968,1.8,8.1,0.0,2.5,-3.1
r031,77.52173848588168,8.0,4.402107535444389,0.6199809963524519,36.43121470037176,1.0893959188863998,PASS,,88.0,,4.336,0.1,24.8,0.0,4.8,35.2
r032,87.97077834106543,2.5,2.4310570197053196,3.3196026368710916,42.334704777217226,1.0419748212801707,PASS,,88.0,,2.441,0.8,14.3,0.0,5.0,17.8
r033,90.18623857788958,12.5,3.2938341286864614,4.512189346667398,47.81279414349588,0.9049707558465386,PASS,,88.0,,3.408,nan,33.4,0.0,4.8,64.0
r034,62.70695234901605,-14.0,3.0538396379877244,4.785958854810039,44.392917936118586,1.0220248236748926,PASS,,88.0,,3.064,0.8,22.6,0.0,5.4,-12.8
r035,58.62724529858396,-21.5,2.081158740274675,5.290386644951008,58.43582082116994,0.9936634770395338,PASS,,88.0,,2.272,1.6,36.6,0.0,6.5,nan
r036,98.55511908524258,-23.5,4.565802608161173,5.145961586881029,57.16289613473079,0.8613584975327143,FALL,tail strike,11.3,2.85,,nan,57.2,16.0,11.1,nan
r037,101.9573335263565,-15.0,4.161075078561352,1.4749191465003104,53.07683324263998,1.1131866555491217,PASS,,88.0,,4.086,0.0,29.7,0.0,4.9,-22.2
r038,84.48043101738375,13.0,4.6191252680084895,4.442988518956771,37.550702643955546,1.0072407078181342,PASS,,88.0,,4.635,1.4,29.8,0.0,1.8,57.7
r039,70.4544004475156,18.0,4.357439474825781,0.47807150798110787,43.10505194081787,0.9893153204635872,PASS,,88.0,,3.356,nan,33.6,0.0,4.9,69.0
